"id", "catalog_number", "description"
"6034652","BR4-12FS","AMI BR4-12FS Insert Bearings Cylindrical OD"
"1387883","UEX11-35","AMI UEX11-35 2-3/16 MEDIUM DUTY WIDE ACCU-LOC BE INSERT"
"1387882","UEX10-31","AMI UEX10-31 1-15/16 MEDIUM DUTY WIDE ACCU-LOC B INSERT"
"1387881","UEX09-28","AMI UEX09-28 1-3/4 MEDIUM DUTY WIDE ACCU-LOC BEA"
"1387880","UEX09-27","AMI UEX09-27 1-11/16 MEDIUM DUTY WIDE ACCU-LOC B INSERT"
"1387879","UEX08-24","AMI UEX08-24 1-1/2 MEDIUM DUTY WIDE ACCU-LOC BEA"
"1387878","UEX07-23","AMI UEX07-23 1-7/16 MEDIUM DUTY WIDE ACCU-LOC BE INSERT"
"1387877","UEX06-19","AMI UEX06-19 1-3/16 MEDIUM DUTY WIDE ACCU-LOC BE INSERT"
"1387876","UEX05-16","AMI UEX05-16 1 MEDIUM DUTY WIDE ACCU-LOC BEARING"
"810893","UK328","AMI UK328 HEAVY DUTY ADAPTER BEARING"
"810855","UK326","AMI UK326 HEAVY DUTY ADAPTER BEARING"
"810810","UK322+HA322","AMI UK322+HA322 3-15/16 HEAVY DUTY WIDE ADAPTER SLE INSERT SINGLE ROW BALL BEARING"
"810803","UC218-56C4HR23","AMI UC218-56C4HR23 3-1/2 NORMAL HIGH TEMP (450 DEG) SE INSERT SINGLE ROW BALL BEARING"
"810781","UK324","AMI UK324 HEAVY DUTY ADAPTER BEARING"
"810769","UC318-55","AMI UC318-55 3-7/16 HEAVY DUTY WIDE SET SCREW BE SINGLE ROW BALL BEARING"
"810762","UK322","AMI UK322 HEAVY DUTY ADAPTER BEARING"
"810633","UK320+HA2320","AMI UK320+HA2320 3-7/16 HEAVY DUTY WIDE ADAPTER SLEE SINGLE ROW BALL BEARING"
"810375","MUC213-40","AMI MUC213-40 2-1/2 STAINLESS NORMAL WIDE SET SCR INSERT SINGLE ROW BALL BEARING"
"810373","MUC213","AMI MUC213 65MM STAINLESS NORMAL WIDE SET SCRE SINGLE ROW BALL BEARING"
"810361","UK319","AMI UK319 HEAVY DUTY ADAPTER BEARING"
"810170","UK318+HA2318","AMI UK318+HA2318 3-3/16 HEAVY DUTY WIDE ADAPTER SLEE SINGLE ROW BALL BEARING"
"809828","MUC212-39","AMI MUC212-39 2-7/16 STAINLESS NORMAL WIDE SET SC INSERT SINGLE ROW BALL BEARING"
"809826","MUC212","AMI MUC212 60MM STAINLESS NORMAL WIDE SET SCRE SINGLE ROW BALL BEARING"
"809780","UKX20","AMI UKX20 MEDIUM DUTY ADAPTER BEARING"
"809545","UK318","AMI UK318 HEAVY DUTY ADAPTER BEARING"
"809523","UG314-43","AMI UG314-43 2-11/16 HEAVY DUTY WIDE ECCENTRIC C SINGLE ROW BALL BEARING"
"809521","UG314","AMI UG314 70MM HEAVY DUTY WIDE ECCENTRIC COLL ROW BALL BEARING"
"809474","MUC211-35","AMI MUC211-35 2-3/16 STAINLESS NORMAL WIDE SET SC INSERT SINGLE ROW BALL BEARING"
"809471","MUC211-32","AMI MUC211-32 2 STAINLESS NORMAL WIDE SET SCREW B SINGLE ROW BALL BEARING"
"809469","MUC211","AMI MUC211 55MM STAINLESS NORMAL WIDE SET SCRE SINGLE ROW BALL BEARING"
"808986","UK316+HA2316","AMI UK316+HA2316 2-11/16 HEAVY DUTY WIDE ADAPTER SLE INSERT SINGLE ROW BALL BEARING"
"808934","UK317","AMI UK317 HEAVY DUTY ADAPTER BEARING"
"808227","UKX18","AMI UKX18 MEDIUM DUTY ADAPTER BEARING"
"807732","MSER208-24RF","AMI MSER208-24RF 1-1/2 STAINLESS NML CYL O.D. SET SC INSERT SINGLE ROW BALL BEARING"
"807526","UC314-43","AMI UC314-43 2-11/16 HEAVY DUTY WIDE SET SCREW B SINGLE ROW BALL BEARING"
"807000","UK218","AMI UK218 NORMAL DUTY ADAPTER BEARING"
"806998","UK316","AMI UK316 HEAVY DUTY ADAPTER BEARING"
"806190","UE208-24MZ20RF","AMI UE208-24MZ20RF 1-1/2 KANIGEN NORMAL WIDE ACCU-LOC INSERT SINGLE ROW BALL BEARING"
"806150","MUC210RF","AMI MUC210RF 50MM STAINLESS NORMAL WIDE SET SCRE SINGLE ROW BALL BEARING"
"806147","MUC210-32RF","AMI MUC210-32RF 2 STAINLESS NORMAL WIDE SET SCREW R SINGLE ROW BALL BEARING"
"806146","MUC210-31RF","AMI MUC210-31RF 1-15/16 STAINLESS NORMAL WIDE SET S INSERT SINGLE ROW BALL BEARING"
"806144","MUC210-30RF","AMI MUC210-30RF 1-7/8 STAINLESS NORMAL WIDE SET SCR INSERT SINGLE ROW BALL BEARING"
"806082","UK215C4HR5","AMI UK215C4HR5 NORMAL DUTY HIGH TEMP (400 DEG) ADA SINGLE ROW BALL BEARING"
"805633","UK216+HA2316","AMI UK216+HA2316 2-11/16 NORMAL DUTY WIDE ADAPTER SL INSERT SINGLE ROW BALL BEARING"
"804933","UK315","AMI UK315 HEAVY DUTY ADAPTER BEARING"
"804689","UK217","AMI UK217 NORMAL DUTY ADAPTER BEARING"
"804654","MSER207-23RF","AMI MSER207-23RF 1-7/16 STAINLESS NML CYL O.D. SET S INSERT SINGLE ROW BALL BEARING"
"804651","MSER207-20RF","AMI MSER207-20RF 1-1/4 STAINLESS NML CYL O.D. SET SC INSERT SINGLE ROW BALL BEARING"
"804271","UE208-24MZ20","AMI UE208-24MZ20 1-1/2 KANIGEN NORMAL WIDE ACCU-LOC SINGLE ROW BALL BEARING"
"803973","UE207-23MZ20RF","AMI UE207-23MZ20RF 1-7/16 KANIGEN NORMAL WIDE ACCU-LOC INSERT SINGLE ROW BALL BEARING"
"803970","UE207-20MZ20RF","AMI UE207-20MZ20RF 1-1/4 KANIGEN NORMAL WIDE ACCU-LOC INSERT SINGLE ROW BALL BEARING"
"803734","UKX17","AMI UKX17 MEDIUM DUTY ADAPTER BEARING"
"803518","MUC209-28RT","AMI MUC209-28RT 1-3/4 STAINLESS NORMAL WIDE SET SCR INSERT SINGLE ROW BALL BEARING"
"803478","MSER207-20FS","AMI MSER207-20FS 1-1/4 STAINLESS NML CYL O.D. SET SC BRG INSERT SINGLE ROW BALL BEARING"
"803451","UC212C4HR5FB","AMI UC212C4HR5FB 60MM NML HIGH TEMP (400 DEG) SET SC BRG SINGLE ROW BALL BEARING"
"803422","UC210-32MZ20RF","AMI UC210-32MZ20RF 2 KANIGEN NORMAL WIDE SET SCREW RF INSERT SINGLE ROW BALL BEARING"
"803421","UC210-31MZ20RF","AMI UC210-31MZ20RF 1-15/16 KANIGEN NORMAL WIDE SET SCR INSERT SINGLE ROW BALL BEARING"
"803241","MUC208RF","AMI MUC208RF 40MM STAINLESS NORMAL WIDE SET SCRE SINGLE ROW BALL BEARING"
"803079","UK313+HA2313","AMI UK313+HA2313 2-3/16 HEAVY DUTY WIDE ADAPTER SLEE SINGLE ROW BALL BEARING"
"803069","MUC207-21RF","AMI MUC207-21RF 1-5/16 STAINLESS NORMAL WIDE SET SC INSERT SINGLE ROW BALL BEARING"
"802927","UE206-20MZ20RF","AMI UE206-20MZ20RF 1-1/4 KANIGEN NORMAL WIDE ACCU-LOC INSERT SINGLE ROW BALL BEARING"
"802926","UE206-19MZ20RF","AMI UE206-19MZ20RF 1-3/16 KANIGEN NORMAL WIDE ACCU-LOC INSERT SINGLE ROW BALL BEARING"
"802843","MUC207RF","AMI MUC207RF 35MM STAINLESS NORMAL WIDE SET SCRE SINGLE ROW BALL BEARING"
"802842","MUC207-22RF","AMI MUC207-22RF 1-3/8 STAINLESS NORMAL WIDE SET SCR INSERT SINGLE ROW BALL BEARING"
"802680","UE207-23MZ20","AMI UE207-23MZ20 1-7/16 KANIGEN NORMAL WIDE ACCU-LOC SINGLE ROW BALL BEARING"
"802679","UE207-20MZ20","AMI UE207-20MZ20 1-1/4 KANIGEN NORMAL WIDE ACCU-LOC SINGLE ROW BALL BEARING"
"802514","UK216","AMI UK216 NORMAL DUTY ADAPTER BEARING"
"802430","MB8","AMI MB8 40MM STAINLESS NORMAL NARROW SET SC SINGLE ROW BALL BEARING"
"802429","UKX16","AMI UKX16 MEDIUM DUTY ADAPTER BEARING"
"802348","UC210-32MZ20","AMI UC210-32MZ20 2 KANIGEN NORMAL WIDE SET SCREW BEA SINGLE ROW BALL BEARING"
"802347","UC210-31MZ20","AMI UC210-31MZ20 1-15/16 KANIGEN NORMAL WIDE SET SCR INSERT SINGLE ROW BALL BEARING"
"802021","UE205-16MZ20RF","AMI UE205-16MZ20RF 1 KANIGEN NORMAL WIDE ACCU-LOC RF S INSERT SINGLE ROW BALL BEARING"
"801980","MSER206-19RF","AMI MSER206-19RF 1-3/16 STAINLESS NML CYL O.D. SET S INSERT SINGLE ROW BALL BEARING"
"801955","UE206-19MZ20","AMI UE206-19MZ20 1-3/16 KANIGEN NORMAL WIDE ACCU-LOC SINGLE ROW BALL BEARING"
"801702","UK313","AMI UK313 HEAVY DUTY ADAPTER BEARING"
"801672","UK312+HA2312","AMI UK312+HA2312 2-1/16 HEAVY DUTY WIDE ADAPTER SLEE SINGLE ROW BALL BEARING"
"801150","UK215","AMI UK215 NORMAL DUTY ADAPTER BEARING"
"801138","UC208-24MZ20RF","AMI UC208-24MZ20RF 1-1/2 KANIGEN NORMAL WIDE SET SCREW INSERT SINGLE ROW BALL BEARING"
"800841","UC209-28MZ20","AMI UC209-28MZ20 1-3/4 KANIGEN NORMAL WIDE SET SCREW INSERT SINGLE ROW BALL BEARING"
"800840","UC209-27MZ20","AMI UC209-27MZ20 1-11/16 KANIGEN NORMAL WIDE SET SCR INSERT SINGLE ROW BALL BEARING"
"800667","UKX15","AMI UKX15 MEDIUM DUTY ADAPTER BEARING"
"800239","UE204-12MZ20RF","AMI UE204-12MZ20RF 3/4 KANIGEN NORMAL WIDE ACCU-LOC RF INSERT SINGLE ROW BALL BEARING"
"800232","MSER205-16RF","AMI MSER205-16RF 1 STAINLESS NML CYL O.D. SET SCREW INSERT SINGLE ROW BALL BEARING"
"800231","MSER204-12RF","AMI MSER204-12RF 3/4 STAINLESS NML CYL O.D. SET SCRE INSERT SINGLE ROW BALL BEARING"
"800230","MSER202-10RF","AMI MSER202-10RF 5/8 STAINLESS NML CYL O.D. SET SCRE INSERT SINGLE ROW BALL BEARING"
"800209","UC209-C4HR5FB","AMI UC209-C4HR5FB 45MM NML HIGH TEMP (400 DEG) SET SC LUBE BRG SINGLE ROW BALL BEARING"
"800078","MUC206RF","AMI MUC206RF 30MM STAINLESS NORMAL WIDE SET SCRE SINGLE ROW BALL BEARING"
"800077","MUC206-19RF","AMI MUC206-19RF 1-3/16 STAINLESS NORMAL WIDE SET SC INSERT SINGLE ROW BALL BEARING"
"800076","MUC206-18RF","AMI MUC206-18RF 1-1/8 STAINLESS NORMAL WIDE SET SCR INSERT SINGLE ROW BALL BEARING"
"800053","MSER205-16FS","AMI MSER205-16FS 1 STAINLESS NML CYL O.D. SET SCREW INSERT SINGLE ROW BALL BEARING"
"799882","UK311+HA2311","AMI UK311+HA2311 1-15/16 HEAVY DUTY WIDE ADAPTER SLE INSERT SINGLE ROW BALL BEARING"
"799835","UC208-24MZ20","AMI UC208-24MZ20 1-1/2 KANIGEN NORMAL WIDE SET SCREW INSERT SINGLE ROW BALL BEARING"
"799712","UC207-23MZ20RF","AMI UC207-23MZ20RF 1-7/16 KANIGEN NORMAL WIDE SET SCRE INSERT SINGLE ROW BALL BEARING"
"799711","UC207-22MZ20RF","AMI UC207-22MZ20RF 1-3/8 KANIGEN NORMAL WIDE SET SCREW INSERT SINGLE ROW BALL BEARING"
"799710","UC207-20MZ20RF","AMI UC207-20MZ20RF 1-1/4 KANIGEN NORMAL WIDE SET SCREW INSERT SINGLE ROW BALL BEARING"
"799570","MSER204-12FS","AMI MSER204-12FS 3/4 STAINLESS NML CYL O.D. SET SCRE INSERT SINGLE ROW BALL BEARING"
"799555","UK312","AMI UK312 HEAVY DUTY ADAPTER BEARING"
"799103","MUC205-15RF","AMI MUC205-15RF 15/16 STAINLESS NORMAL WIDE SET SCR INSERT SINGLE ROW BALL BEARING"
"798925","UE204-12MZ20","AMI UE204-12MZ20 3/4 KANIGEN NORMAL WIDE ACCU-LOC BE SINGLE ROW BALL BEARING"
"798708","SUE211-35FSAM1","AMI SUE211-35FSAM1 2-3/16 NORMAL WIDE CYL O.D. ACCU-LO INSERT SINGLE ROW BALL BEARING"
"798707","SUE211-32FSAM1","AMI SUE211-32FSAM1 2 NORMAL WIDE CYL O.D. ACCU-LOC FRE INSERT SINGLE ROW BALL BEARING"
"798593","SUE210FSAM1","AMI SUE210FSAM1 50MM NORMAL WIDE CYL O.D. ACCU-LOC INSERT SINGLE ROW BALL BEARING"
"798396","UC207-23MZ20","AMI UC207-23MZ20 1-7/16 KANIGEN NORMAL WIDE SET SCRE INSERT SINGLE ROW BALL BEARING"
"798395","UC207-22MZ20","AMI UC207-22MZ20 1-3/8 KANIGEN NORMAL WIDE SET SCREW INSERT SINGLE ROW BALL BEARING"
"798394","UC207-20MZ20","AMI UC207-20MZ20 1-1/4 KANIGEN NORMAL WIDE SET SCREW INSERT SINGLE ROW BALL BEARING"
"798326","UKX13","AMI UKX13 MEDIUM DUTY ADAPTER BEARING"
"798256","SER212-39FSX","AMI SER212-39FSX 2-7/16 NML WIDE CYL O.D. SET SCREW INSERT SINGLE ROW BALL BEARING"
"798255","SER212-38FSX","AMI SER212-38FSX 2-3/8 NML WIDE CYL O.D. SET SCREW F INSERT SINGLE ROW BALL BEARING"
"798254","SER212-36FSX","AMI SER212-36FSX 2-1/4 NML WIDE CYL O.D. SET SCREW F INSERT SINGLE ROW BALL BEARING"
"798013","SUE210-31FSAM1","AMI SUE210-31FSAM1 1-15/16 NORMAL WIDE CYL O.D. ACCU-L INSERT SINGLE ROW BALL BEARING"
"797897","MUC205RF","AMI MUC205RF 25MM STAINLESS NORMAL WIDE SET SCRE SINGLE ROW BALL BEARING"
"797896","MUC205-14RF","AMI MUC205-14RF 7/8 STAINLESS NORMAL WIDE SET SCREW INSERT SINGLE ROW BALL BEARING"
"797893","UK310+HA2310","AMI UK310+HA2310 1-11/16 HEAVY DUTY WIDE ADAPTER SLE INSERT SINGLE ROW BALL BEARING"
"797699","UK311","AMI UK311 HEAVY DUTY ADAPTER BEARING"
"797692","UK213","AMI UK213 NORMAL DUTY ADAPTER BEARING"
"797331","SER211-32FSXAM1","AMI SER211-32FSXAM1 2 NML WIDE CYL O.D. SET SCREW FREE SINGLE ROW BALL BEARING"
"797111","UC206-20MZ20RF","AMI UC206-20MZ20RF 1-1/4 KANIGEN NORMAL WIDE SET SCREW INSERT SINGLE ROW BALL BEARING"
"797110","UC206-19MZ20RF","AMI UC206-19MZ20RF 1-3/16 KANIGEN NORMAL WIDE SET SCRE INSERT SINGLE ROW BALL BEARING"
"796931","MUC204RF","AMI MUC204RF 20MM STAINLESS NORMAL WIDE SET SCRE SINGLE ROW BALL BEARING"
"796930","MUC203RF","AMI MUC203RF 17MM STAINLESS NORMAL WIDE SET SCRE SINGLE ROW BALL BEARING"
"796929","MUC202RF","AMI MUC202RF 15MM STAINLESS NORMAL WIDE SET SCRE SINGLE ROW BALL BEARING"
"796928","MUC202-10RF","AMI MUC202-10RF 5/8 STAINLESS NORMAL WIDE SET SCREW INSERT SINGLE ROW BALL BEARING"
"796927","MUC201RF","AMI MUC201RF 12MM STAINLESS NORMAL WIDE SET SCRE SINGLE ROW BALL BEARING"
"796926","MUC201-8RF","AMI MUC201-8RF 1/2 STAINLESS NORMAL WIDE SET SCREW INSERT SINGLE ROW BALL BEARING"
"796890","UK310","AMI UK310 HEAVY DUTY ADAPTER BEARING"
"796806","SER211-35FSX","AMI SER211-35FSX 2-3/16 NML WIDE CYL O.D. SET SCREW INSERT SINGLE ROW BALL BEARING"
"796805","SER211-32FSX","AMI SER211-32FSX 2 NML WIDE CYL O.D. SET SCREW FREE INSERT SINGLE ROW BALL BEARING"
"796798","UCX11-32","AMI UCX11-32 2 MEDIUM DUTY WIDE SET SCREW BEARIN BALL BEARING"
"796467","UC211-35MZ2","AMI UC211-35MZ2 2-3/16 ZINC NORMAL WIDE SET SCREW B SINGLE ROW BALL BEARING"
"796459","SUE209FS","AMI SUE209FS 45MM NORMAL WIDE CYL O.D. ACCU-LOC SINGLE ROW BALL BEARING"
"796259","UK309+HA2309","AMI UK309+HA2309 1-7/16 HEAVY DUTY WIDE ADAPTER SLEE SINGLE ROW BALL BEARING"
"796258","SUE208FSAM1","AMI SUE208FSAM1 40MM NORMAL WIDE CYL O.D. ACCU-LOC INSERT SINGLE ROW BALL BEARING"
"796066","UC206-20MZ20","AMI UC206-20MZ20 1-1/4 KANIGEN NORMAL WIDE SET SCREW INSERT SINGLE ROW BALL BEARING"
"796065","UC206-19MZ20","AMI UC206-19MZ20 1-3/16 KANIGEN NORMAL WIDE SET SCRE INSERT SINGLE ROW BALL BEARING"
"796064","UKX12","AMI UKX12 MEDIUM DUTY ADAPTER BEARING"
"795819","UK212","AMI UK212 NORMAL DUTY ADAPTER BEARING"
"795735","SUE208-24FSAM1","AMI SUE208-24FSAM1 1-1/2 NORMAL WIDE CYL O.D. ACCU-LOC INSERT SINGLE ROW BALL BEARING"
"795533","UC205-16MZ20RF","AMI UC205-16MZ20RF 1 KANIGEN NORMAL WIDE SET SCREW RF INSERT SINGLE ROW BALL BEARING"
"795464","SER211-32FSAM1","AMI SER211-32FSAM1 2 NORMAL WIDE CYL O.D. SET SCREW FR INSERT SINGLE ROW BALL BEARING"
"795337","SUE207-23FSAM1","AMI SUE207-23FSAM1 1-7/16 NORMAL WIDE CYL O.D. ACCU-LO INSERT SINGLE ROW BALL BEARING"
"795336","SUE207-22FSAM1","AMI SUE207-22FSAM1 1-3/8 NORMAL WIDE CYL O.D. ACCU-LOC INSERT SINGLE ROW BALL BEARING"
"795335","SUE207-20FSAM1","AMI SUE207-20FSAM1 1-1/4 NORMAL WIDE CYL O.D. ACCU-LOC INSERT SINGLE ROW BALL BEARING"
"795059","SER210FSAM1","AMI SER210FSAM1 50MM NORMAL WIDE CYL O.D. SET SCREW INSERT SINGLE ROW BALL BEARING"
"795058","SER210-31FSAM1","AMI SER210-31FSAM1 1-15/16 NORMAL WIDE CYL O.D. SET SC BRG INSERT SINGLE ROW BALL BEARING"
"795057","SER210-30FSAM1","AMI SER210-30FSAM1 1-7/8 NORMAL WIDE CYL O.D. SET SCRE BRG INSERT SINGLE ROW BALL BEARING"
"794953","UG210RT","AMI UG210RT 50MM NORMAL DUTY WIDE ECC COLL RT S ROW BALL BEARING"
"794952","UG210-32RT","AMI UG210-32RT 2 NORMAL DUTY WIDE ECC COLL RT SEAL ROW BALL BEARING"
"794951","UG210-31RT","AMI UG210-31RT 1-15/16 NORMAL DUTY WIDE ECC COLL R SINGLE ROW BALL BEARING"
"794950","UG210-30RT","AMI UG210-30RT 1-7/8 NORMAL DUTY WIDE ECC COLL RT SINGLE ROW BALL BEARING"
"794852","UK308+HA2308","AMI UK308+HA2308 1-5/16 HEAVY DUTY WIDE ADAPTER SLEE SINGLE ROW BALL BEARING"
"794803","UC205-16MZ20","AMI UC205-16MZ20 1 KANIGEN NORMAL WIDE SET SCREW BEA SINGLE ROW BALL BEARING"
"794802","UC210MZ2RF","AMI UC210MZ2RF 50MM ZINC NORMAL WIDE SET SCREW RF SINGLE ROW BALL BEARING"
"794801","UC210-32MZ2RF","AMI UC210-32MZ2RF 2 ZINC NORMAL WIDE SET SCREW RF SEA SINGLE ROW BALL BEARING"
"794800","UC210-31MZ2RF","AMI UC210-31MZ2RF 1-15/16 ZINC NORMAL WIDE SET SCREW INSERT SINGLE ROW BALL BEARING"
"794799","UC210-30MZ2RF","AMI UC210-30MZ2RF 1-7/8 ZINC NORMAL WIDE SET SCREW RF INSERT SINGLE ROW BALL BEARING"
"794760","UK209+H309","AMI UK209+H309 40MM NORMAL DUTY WIDE ADAPTER SLEEV SINGLE ROW BALL BEARING"
"794759","UC204-12MZ20RF","AMI UC204-12MZ20RF 3/4 KANIGEN NORMAL WIDE SET SCREW R INSERT SINGLE ROW BALL BEARING"
"794758","UC202-10MZ20RF","AMI UC202-10MZ20RF 5/8 KANIGEN NORMAL WIDE SET SCREW R INSERT SINGLE ROW BALL BEARING"
"794757","UC201-8MZ20RF","AMI UC201-8MZ20RF 1/2 KANIGEN NORMAL WIDE SET SCREW R INSERT SINGLE ROW BALL BEARING"
"794756","UC211-32FS","AMI UC211-32FS 2 NORMAL WIDE SET SCREW FREE SPIN B SINGLE ROW BALL BEARING"
"794755","UG209RT","AMI UG209RT 45MM NORMAL DUTY WIDE ECC COLL RT S ROW BALL BEARING"
"794754","UG209-28RT","AMI UG209-28RT 1-3/4 NORMAL DUTY WIDE ECC COLL RT SINGLE ROW BALL BEARING"
"794753","UG209-27RT","AMI UG209-27RT 1-11/16 NORMAL DUTY WIDE ECC COLL R SINGLE ROW BALL BEARING"
"794752","UG209-26RT","AMI UG209-26RT 1-5/8 NORMAL DUTY WIDE ECC COLL RT SINGLE ROW BALL BEARING"
"794746","SUE206FSAM1","AMI SUE206FSAM1 30MM NORMAL WIDE CYL O.D. ACCU-LOC INSERT SINGLE ROW BALL BEARING"
"794648","UKX11","AMI UKX11 MEDIUM DUTY ADAPTER BEARING"
"794493","UK211","AMI UK211 NORMAL DUTY ADAPTER BEARING"
"794484","SUE206-20FSAM1","AMI SUE206-20FSAM1 1-1/4 NORMAL WIDE CYL O.D. ACCU-LOC INSERT SINGLE ROW BALL BEARING"
"794483","SUE206-19FSAM1","AMI SUE206-19FSAM1 1-3/16 NORMAL WIDE CYL O.D. ACCU-LO INSERT SINGLE ROW BALL BEARING"
"794482","SUE206-18FSAM1","AMI SUE206-18FSAM1 1-1/8 NORMAL WIDE CYL O.D. ACCU-LOC INSERT SINGLE ROW BALL BEARING"
"794312","UK309","AMI UK309 HEAVY DUTY ADAPTER BEARING"
"794208","SER208-24FSXAM1","AMI SER208-24FSXAM1 1-1/2 NML WIDE CYL O.D. SET SCREW F BRG SINGLE ROW BALL BEARING"
"794131","UC204-12MZ20","AMI UC204-12MZ20 3/4 KANIGEN NORMAL WIDE SET SCREW B INSERT SINGLE ROW BALL BEARING"
"794130","UC202-10MZ20","AMI UC202-10MZ20 5/8 KANIGEN NORMAL WIDE SET SCREW B INSERT SINGLE ROW BALL BEARING"
"794129","UC201-8MZ20","AMI UC201-8MZ20 1/2 KANIGEN NORMAL WIDE SET SCREW B SINGLE ROW BALL BEARING"
"794098","SER209-28FSX","AMI SER209-28FSX 1-3/4 NML WIDE CYL O.D. SET SCREW F INSERT SINGLE ROW BALL BEARING"
"794097","UK307+HA2307","AMI UK307+HA2307 1-3/16 HEAVY DUTY WIDE ADAPTER SLEE SINGLE ROW BALL BEARING"
"794064","UG208RT","AMI UG208RT 40MM NORMAL DUTY WIDE ECC COLL RT S ROW BALL BEARING"
"794063","UG208-24RT","AMI UG208-24RT 1-1/2 NORMAL DUTY WIDE ECC COLL RT SINGLE ROW BALL BEARING"
"794062","SER208FSX","AMI SER208FSX 40MM NML WIDE CYL O.D. SET SCREW FR INSERT SINGLE ROW BALL BEARING"
"794061","SER208-24FSX","AMI SER208-24FSX 1-1/2 NML WIDE CYL O.D. SET SCREW F INSERT SINGLE ROW BALL BEARING"
"793920","UC210RT","AMI UC210RT 50MM NORMAL DUTY WIDE SET SCREW RT ROW BALL BEARING"
"793919","UC210-32RT","AMI UC210-32RT 2 NORMAL DUTY WIDE SET SCREW RT SEA ROW BALL BEARING"
"793918","UC210-31RT","AMI UC210-31RT 1-15/16 NORMAL DUTY WIDE SET SCREW SINGLE ROW BALL BEARING"
"793917","UC210-30RT","AMI UC210-30RT 1-7/8 NORMAL DUTY WIDE SET SCREW RT SINGLE ROW BALL BEARING"
"793785","KHR208NR","AMI KHR208NR 40MM NORMAL NARROW CYL O.D. ECC COL SINGLE ROW BALL BEARING"
"793761","UC208MZ2RF","AMI UC208MZ2RF 40MM ZINC NORMAL WIDE SET SCREW RF SINGLE ROW BALL BEARING"
"793760","UC208-24MZ2RF","AMI UC208-24MZ2RF 1-1/2 ZINC NORMAL WIDE SET SCREW RF INSERT SINGLE ROW BALL BEARING"
"793625","UK210","AMI UK210 NORMAL DUTY ADAPTER BEARING"
"793613","UK207+H307","AMI UK207+H307 30MM NORMAL DUTY WIDE ADAPTER SLEEV SINGLE ROW BALL BEARING"
"793612","SER208FSAM1","AMI SER208FSAM1 40MM NORMAL WIDE CYL O.D. SET SCREW INSERT SINGLE ROW BALL BEARING"
"793611","SER208-24FSAM1","AMI SER208-24FSAM1 1-1/2 NORMAL WIDE CYL O.D. SET SCRE BRG INSERT SINGLE ROW BALL BEARING"
"793602","SER207-20FSXAM1","AMI SER207-20FSXAM1 1-1/4 NML WIDE CYL O.D. SET SCREW F BRG SINGLE ROW BALL BEARING"
"793569","SUE205FSAM1","AMI SUE205FSAM1 25MM NORMAL WIDE CYL O.D. ACCU-LOC INSERT SINGLE ROW BALL BEARING"
"793566","UKX10","AMI UKX10 MEDIUM DUTY ADAPTER BEARING"
"793565","UK306+HS2306","AMI UK306+HS2306 7/8 HEAVY DUTY WIDE ADAPTER SLEEVE SINGLE ROW BALL BEARING"
"793564","UK306+HA2306","AMI UK306+HA2306 15/16 HEAVY DUTY WIDE ADAPTER SLEEV SINGLE ROW BALL BEARING"
"793527","UC209RT","AMI UC209RT 45MM NORMAL DUTY WIDE SET SCREW RT ROW BALL BEARING"
"793526","UC209-28RT","AMI UC209-28RT 1-3/4 NORMAL DUTY WIDE SET SCREW RT SINGLE ROW BALL BEARING"
"793525","UC209-27RT","AMI UC209-27RT 1-11/16 NORMAL DUTY WIDE SET SCREW SINGLE ROW BALL BEARING"
"793524","UC209-26RT","AMI UC209-26RT 1-5/8 NORMAL DUTY WIDE SET SCREW RT SINGLE ROW BALL BEARING"
"793445","UK308","AMI UK308 HEAVY DUTY ADAPTER BEARING"
"793439","SUE205-16FSAM1","AMI SUE205-16FSAM1 1 NORMAL WIDE CYL O.D. ACCU-LOC FRE INSERT SINGLE ROW BALL BEARING"
"793421","SUE204FSX","AMI SUE204FSX 20MM NORMAL WIDE CYL O.D. ACCU-LOC SINGLE ROW BALL BEARING"
"793401","B7-22MZ2","AMI B7-22MZ2 1-3/8 ZINC NORMAL NARROW SET SCREW SINGLE ROW BALL BEARING"
"793400","SER207FSX","AMI SER207FSX 35MM NML WIDE CYL O.D. SET SCREW FR INSERT SINGLE ROW BALL BEARING"
"793399","SER207-22FSX","AMI SER207-22FSX 1-3/8 NML WIDE CYL O.D. SET SCREW F INSERT SINGLE ROW BALL BEARING"
"793398","SER207-20FSX","AMI SER207-20FSX 1-1/4 NML WIDE CYL O.D. SET SCREW F INSERT SINGLE ROW BALL BEARING"
"793396","UR208-24RT","AMI UR208-24RT 1-1/2 NORMAL WIDE CYL O.D. SET SCRE INSERT SINGLE ROW BALL BEARING"
"793394","UC208RT","AMI UC208RT 40MM NORMAL DUTY WIDE SET SCREW RT ROW BALL BEARING"
"793393","UC208-24RT","AMI UC208-24RT 1-1/2 NORMAL DUTY WIDE SET SCREW RT SINGLE ROW BALL BEARING"
"793386","UC208-25FS","AMI UC208-25FS 1-9/16 NORMAL WIDE SET SCREW FREE S SINGLE ROW BALL BEARING"
"793385","UG207RT","AMI UG207RT 35MM NORMAL DUTY WIDE ECC COLL RT S ROW BALL BEARING"
"793384","UG207-23RT","AMI UG207-23RT 1-7/16 NORMAL DUTY WIDE ECC COLL RT SINGLE ROW BALL BEARING"
"793383","UG207-22RT","AMI UG207-22RT 1-3/8 NORMAL DUTY WIDE ECC COLL RT SINGLE ROW BALL BEARING"
"793382","UG207-20RT","AMI UG207-20RT 1-1/4 NORMAL DUTY WIDE ECC COLL RT SINGLE ROW BALL BEARING"
"793206","SER207FSAM1","AMI SER207FSAM1 35MM NORMAL WIDE CYL O.D. SET SCREW INSERT SINGLE ROW BALL BEARING"
"793205","SER207-23FSAM1","AMI SER207-23FSAM1 1-7/16 NORMAL WIDE CYL O.D. SET SCR BRG INSERT SINGLE ROW BALL BEARING"
"793204","UC207FS","AMI UC207FS 35MM NORMAL WIDE SET SCREW FREE SPI SINGLE ROW BALL BEARING"
"793183","SUE204-12FSAM1","AMI SUE204-12FSAM1 3/4 NORMAL WIDE CYL O.D. ACCU-LOC F INSERT SINGLE ROW BALL BEARING"
"793179","UK209","AMI UK209 NORMAL DUTY ADAPTER BEARING"
"793178","UC207MZ2RF","AMI UC207MZ2RF 35MM ZINC NORMAL WIDE SET SCREW RF SINGLE ROW BALL BEARING"
"793177","UC207-23MZ2RF","AMI UC207-23MZ2RF 1-7/16 ZINC NORMAL WIDE SET SCREW R INSERT SINGLE ROW BALL BEARING"
"793176","UC207-22MZ2RF","AMI UC207-22MZ2RF 1-3/8 ZINC NORMAL WIDE SET SCREW RF INSERT SINGLE ROW BALL BEARING"
"793175","UC207-21MZ2RF","AMI UC207-21MZ2RF 1-5/16 ZINC NORMAL WIDE SET SCREW R INSERT SINGLE ROW BALL BEARING"
"793174","UC207-20MZ2RF","AMI UC207-20MZ2RF 1-1/4 ZINC NORMAL WIDE SET SCREW RF INSERT SINGLE ROW BALL BEARING"
"793141","UE205-16FS","AMI UE205-16FS 1 NORMAL DUTY WIDE ACCU-LOC FREE SP SINGLE ROW BALL BEARING"
"793132","SER206-20FSXAM1","AMI SER206-20FSXAM1 1-1/4 NML WIDE CYL O.D. SET SCREW F BRG SINGLE ROW BALL BEARING"
"793071","UC207-23FS","AMI UC207-23FS 1-7/16 NORMAL WIDE SET SCREW FREE S SINGLE ROW BALL BEARING"
"793070","UC207-20FS","AMI UC207-20FS 1-1/4 NORMAL WIDE SET SCREW FREE SP SINGLE ROW BALL BEARING"
"793069","UK307","AMI UK307 HEAVY DUTY ADAPTER BEARING"
"793063","UC207RT","AMI UC207RT 35MM NORMAL DUTY WIDE SET SCREW RT ROW BALL BEARING"
"793062","UC207-23RT","AMI UC207-23RT 1-7/16 NORMAL DUTY WIDE SET SCREW R SINGLE ROW BALL BEARING"
"793061","UC207-22RT","AMI UC207-22RT 1-3/8 NORMAL DUTY WIDE SET SCREW RT SINGLE ROW BALL BEARING"
"793060","UC207-21RT","AMI UC207-21RT 1-5/16 NORMAL DUTY WIDE SET SCREW R SINGLE ROW BALL BEARING"
"793059","UC207-20RT","AMI UC207-20RT 1-1/4 NORMAL DUTY WIDE SET SCREW RT SINGLE ROW BALL BEARING"
"793054","UKX09","AMI UKX09 MEDIUM DUTY ADAPTER BEARING"
"793044","SER205FSXAM1","AMI SER205FSXAM1 25MM NML WIDE CYL O.D. SET SCREW FR SINGLE ROW BALL BEARING"
"793043","SER205-16FSXAM1","AMI SER205-16FSXAM1 1 NML WIDE CYL O.D. SET SCREW FREE SINGLE ROW BALL BEARING"
"793022","UR207-20FS","AMI UR207-20FS 1-1/4 NORMAL WIDE CYL O.D. SET SCRE INSERT SINGLE ROW BALL BEARING"
"793021","SER206FSX","AMI SER206FSX 30MM NML WIDE CYL O.D. SET SCREW FR INSERT SINGLE ROW BALL BEARING"
"793020","SER206-20FSX","AMI SER206-20FSX 1-1/4 NML WIDE CYL O.D. SET SCREW F INSERT SINGLE ROW BALL BEARING"
"793018","UK208","AMI UK208 NORMAL DUTY ADAPTER BEARING"
"792998","KHR206NR","AMI KHR206NR 30MM NORMAL NARROW CYL O.D. ECC COL SINGLE ROW BALL BEARING"
"792973","SER206FSAM1","AMI SER206FSAM1 30MM NORMAL WIDE CYL O.D. SET SCREW INSERT SINGLE ROW BALL BEARING"
"792972","SER206-20FSAM1","AMI SER206-20FSAM1 1-1/4 NORMAL WIDE CYL O.D. SET SCRE BRG INSERT SINGLE ROW BALL BEARING"
"792971","SER206-19FSAM1","AMI SER206-19FSAM1 1-3/16 NORMAL WIDE CYL O.D. SET SCR BRG INSERT SINGLE ROW BALL BEARING"
"792970","SER206-18FSAM1","AMI SER206-18FSAM1 1-1/8 NORMAL WIDE CYL O.D. SET SCRE BRG INSERT SINGLE ROW BALL BEARING"
"792956","UKX08","AMI UKX08 MEDIUM DUTY ADAPTER BEARING"
"792955","SER205FSX","AMI SER205FSX 25MM NML WIDE CYL O.D. SET SCREW FR INSERT SINGLE ROW BALL BEARING"
"792954","SER205-16FSX","AMI SER205-16FSX 1 NML WIDE CYL O.D. SET SCREW FREE INSERT SINGLE ROW BALL BEARING"
"792953","SER205-14FSX","AMI SER205-14FSX 7/8 NML WIDE CYL O.D. SET SCREW FRE INSERT SINGLE ROW BALL BEARING"
"792951","UC206MZ2RF","AMI UC206MZ2RF 30MM ZINC NORMAL WIDE SET SCREW RF SINGLE ROW BALL BEARING"
"792950","UC206-20MZ2RF","AMI UC206-20MZ2RF 1-1/4 ZINC NORMAL WIDE SET SCREW RF INSERT SINGLE ROW BALL BEARING"
"792949","UC206-19MZ2RF","AMI UC206-19MZ2RF 1-3/16 ZINC NORMAL WIDE SET SCREW R INSERT SINGLE ROW BALL BEARING"
"792948","UC206-18MZ2RF","AMI UC206-18MZ2RF 1-1/8 ZINC NORMAL WIDE SET SCREW RF INSERT SINGLE ROW BALL BEARING"
"792947","UC206-17MZ2RF","AMI UC206-17MZ2RF 1-1/16 ZINC NORMAL WIDE SET SCREW R INSERT SINGLE ROW BALL BEARING"
"792946","SER204-12FSXAM1","AMI SER204-12FSXAM1 3/4 NML WIDE CYL O.D. SET SCREW FRE BRG SINGLE ROW BALL BEARING"
"792945","UKX07","AMI UKX07 MEDIUM DUTY ADAPTER BEARING"
"792930","KHR205NR","AMI KHR205NR 25MM NORMAL NARROW CYL O.D. ECC COL SINGLE ROW BALL BEARING"
"792925","UK306","AMI UK306 HEAVY DUTY ADAPTER BEARING"
"792909","UK207","AMI UK207 NORMAL DUTY ADAPTER BEARING"
"792908","UR205-16FS","AMI UR205-16FS 1 NORMAL WIDE CYL O.D. SET SCREW FR SINGLE ROW BALL BEARING"
"792907","SER205FSAM1","AMI SER205FSAM1 25MM NORMAL WIDE CYL O.D. SET SCREW INSERT SINGLE ROW BALL BEARING"
"792906","SER205-16FSAM1","AMI SER205-16FSAM1 1 NORMAL WIDE CYL O.D. SET SCREW FR INSERT SINGLE ROW BALL BEARING"
"792905","SER205-14FSAM1","AMI SER205-14FSAM1 7/8 NORMAL WIDE CYL O.D. SET SCREW INSERT SINGLE ROW BALL BEARING"
"792896","SER204FSX","AMI SER204FSX 20MM NML WIDE CYL O.D. SET SCREW FR INSERT SINGLE ROW BALL BEARING"
"792895","SER204-12FSX","AMI SER204-12FSX 3/4 NML WIDE CYL O.D. SET SCREW FRE INSERT SINGLE ROW BALL BEARING"
"792894","SER202-10FSX","AMI SER202-10FSX 5/8 NML WIDE CYL O.D. SET SCREW FRE INSERT SINGLE ROW BALL BEARING"
"792893","SER201-8FSX","AMI SER201-8FSX 1/2 NML WIDE CYL O.D. SET SCREW FRE INSERT SINGLE ROW BALL BEARING"
"792880","UC205MZ2RF","AMI UC205MZ2RF 25MM ZINC NORMAL WIDE SET SCREW RF SINGLE ROW BALL BEARING"
"792879","UC205-16MZ2RF","AMI UC205-16MZ2RF 1 ZINC NORMAL WIDE SET SCREW RF SEA SINGLE ROW BALL BEARING"
"792878","UC205-14MZ2RF","AMI UC205-14MZ2RF 7/8 ZINC NORMAL WIDE SET SCREW RF S SINGLE ROW BALL BEARING"
"792871","KHR204NR","AMI KHR204NR 20MM NORMAL NARROW CYL O.D. ECC COL SINGLE ROW BALL BEARING"
"792864","SER204FSAM1","AMI SER204FSAM1 20MM NORMAL WIDE CYL O.D. SET SCREW INSERT SINGLE ROW BALL BEARING"
"792863","SER204-12FSAM1","AMI SER204-12FSAM1 3/4 NORMAL WIDE CYL O.D. SET SCREW INSERT SINGLE ROW BALL BEARING"
"792862","SER202-10FSAM1","AMI SER202-10FSAM1 5/8 NORMAL WIDE CYL O.D. SET SCREW INSERT SINGLE ROW BALL BEARING"
"792840","BR5-16NR","AMI BR5-16NR 1 NORMAL NARROW CYL O.D. SET SCREW SINGLE ROW BALL BEARING"
"792826","UKX06","AMI UKX06 MEDIUM DUTY ADAPTER BEARING"
"792809","UK305","AMI UK305 HEAVY DUTY ADAPTER BEARING"
"792806","UC204MZ2RF","AMI UC204MZ2RF 20MM ZINC NORMAL WIDE SET SCREW RF SINGLE ROW BALL BEARING"
"792805","UC204-12MZ2RF","AMI UC204-12MZ2RF 3/4 ZINC NORMAL WIDE SET SCREW RF S SINGLE ROW BALL BEARING"
"792804","UC203MZ2RF","AMI UC203MZ2RF 17MM ZINC NORMAL WIDE SET SCREW RF SINGLE ROW BALL BEARING"
"792803","UC202MZ2RF","AMI UC202MZ2RF 15MM ZINC NORMAL WIDE SET SCREW RF SINGLE ROW BALL BEARING"
"792802","UC202-10MZ2RF","AMI UC202-10MZ2RF 5/8 ZINC NORMAL WIDE SET SCREW RF S SINGLE ROW BALL BEARING"
"792801","UC201-8MZ2RF","AMI UC201-8MZ2RF 1/2 ZINC NORMAL WIDE SET SCREW RF S SINGLE ROW BALL BEARING"
"792800","UK206","AMI UK206 NORMAL DUTY ADAPTER BEARING"
"792795","UC206-20FS","AMI UC206-20FS 1-1/4 NORMAL WIDE SET SCREW FREE SP SINGLE ROW BALL BEARING"
"792793","BR3NR","AMI BR3NR 17MM NORMAL NARROW CYL O.D. SET SCR SINGLE ROW BALL BEARING"
"792786","UKX05","AMI UKX05 MEDIUM DUTY ADAPTER BEARING"
"792773","UK205","AMI UK205 NORMAL DUTY ADAPTER BEARING"
"792772","BR2-10NR","AMI BR2-10NR 5/8 NORMAL NARROW CYL O.D. SET SCRE SINGLE ROW BALL BEARING"
"792771","BR1NR","AMI BR1NR 12MM NORMAL NARROW CYL O.D. SET SCR SINGLE ROW BALL BEARING"
"792770","BR1-8NR","AMI BR1-8NR 1/2 NORMAL NARROW CYL O.D. SET SCRE SINGLE ROW BALL BEARING"
"792759","URW202-10","AMI URW202-10 5/8 NORMAL WIDE CYL O.D. SET SCREW SINGLE ROW BALL BEARING"
"792758","URW201-8","AMI URW201-8 1/2 NORMAL WIDE CYL O.D. SET SCREW SINGLE ROW BALL BEARING"
"18296","BR3","AMI BR3 17MM NORMAL NARROW CYL O.D. SET SCR W/CYLINDRICAL O.D."
"18295","BR2-10","AMI BR2-10 5/8 NORMAL NARROW CYL O.D. SET SCRE S.SLOCKNON-RELUBE W/CYLINDRICAL O.D."
"18294","BR2","AMI BR2 15MM NORMAL NARROW CYL O.D. SET SCR S.SLOCKNON-RELUBE W/CYLINDRICAL O.D."
"18293","BR1-8","AMI BR1-8 1/2 NORMAL NARROW CYL O.D. SET SCRE S.SLOCKNON-RELUBE W/CYLINDRICAL O.D."
"18292","BR1","AMI BR1 12MM NORMAL NARROW CYL O.D. SET SCR S.SLOCKNON-RELUBE W/CYLINDRICAL O.D."
"18291","B3","AMI B3 17MM NORMAL NARROW WIDTH SET SCREW LOCKING"
"18289","B2-10","AMI B2-10 5/8 NORMAL NARROW WIDTH SET SCREW B LOCKING"
"18288","B2","AMI B2 15MM NORMAL NARROW WIDTH SET SCREW LOCKING"
"18287","B1-8","AMI B1-8 1/2 NORMAL NARROW WIDTH SET SCREW B LOCKING"
"18286","B1","AMI B1 12MM NORMAL NARROW WIDTH SET SCREW LOCKING"
"18285","BR4-12","AMI BR4-12 3/4 NORMAL NARROW CYL O.D. SET SCRE W/CYLINDRICAL O.D."
"18284","BR4","AMI BR4 20MM NORMAL NARROW CYL O.D. SET SCR BEARING-SET SCREW"
"18283","B4-12","AMI B4-12 3/4 NORMAL NARROW WIDTH SET SCREW B LOCKING"
"18282","B4","AMI B4 20MM NORMAL NARROW WIDTH SET SCREW LOCKING"
"18281","BR5-16","AMI BR5-16 1 NORMAL NARROW CYL O.D. SET SCREW S.SLOCKNON-RELUBE W/CYLINDRICAL O.D."
"18280","BR5-15","AMI BR5-15 15/16 NORMAL NARROW CYL O.D. SET SC W/CYLINDRICAL O.D"
"18279","BR5-14","AMI BR5-14 7/8 NORMAL NARROW CYL O.D. SET SCRE S.SLOCKNON-RELUBE W/CYLINDRICAL O.D."
"18278","BR5","AMI BR5 25MM NORMAL NARROW CYL O.D. SET SCR S.SLOCKNON-RELUBE W/CYLINDRICAL O.D."
"18277","B5-16","AMI B5-16 1 NORMAL NARROW WIDTH SET SCREW BEA LOCKING"
"18276","B5-15","AMI B5-15 15/16 NORMAL NARROW WIDTH SET SCREW SCREW LOCKING"
"18275","B5-14","AMI B5-14 7/8 NORMAL NARROW WIDTH SET SCREW B LOCKING"
"18274","B5","AMI B5 25MM NORMAL NARROW WIDTH SET SCREW LOCKING"
"18273","U000","AMI U000 10MM LIGHT EXTRA NARROW ECCENTRIC C NARROW WIDTH BEARING"
"18272","KHR204-12","AMI KHR204-12 3/4 NORMAL NARROW CYL O.D. ECCENTRI WIDTHCYLINDRICAL O.D. BEARING"
"18271","KHR204","AMI KHR204 20MM NORMAL NARROW CYL O.D. ECCENTR WIDTHCYLINDRICAL O.D. BEARING"
"18269","KHR203","AMI KHR203 17MM NORMAL NARROW CYL O.D. ECCENTR WIDTHCYLINDRICAL O.D. BEARING"
"18267","KHR202-10","AMI KHR202-10 5/8 NORMAL NARROW CYL O.D. ECCENTRI WIDTHCYLINDRICAL O.D. BEARING"
"18266","KHR202","AMI KHR202 15MM NORMAL NARROW CYL O.D. ECCENTR WIDTHCYLINDRICAL O.D. BEARING"
"18265","KHR201-8","AMI KHR201-8 1/2 NORMAL NARROW CYL O.D. ECCENTRI WIDTHCYLINDRICAL O.D. BEARING"
"18264","KHR201","AMI KHR201 12MM NORMAL NARROW CYL O.D. ECCENTR WIDTHCYLINDRICAL O.D. BEARING"
"18263","KH204-12","AMI KH204-12 3/4 NORMAL NARROW WIDTH ECCENTRIC C LOCKING COLLAR"
"18262","KH204","AMI KH204 20MM NORMAL NARROW WIDTH ECCENTRIC LOCKING COLLAR"
"18260","KH203","AMI KH203 17MM NORMAL NARROW WIDTH ECCENTRIC LOCKING COLLAR"
"18259","KH202-10","AMI KH202-10 5/8 NORMAL NARROW WIDTH ECCENTRIC C LOCKING COLLAR"
"18258","KH202","AMI KH202 15MM NORMAL NARROW WIDTH ECCENTRIC LOCKING COLLAR"
"18257","KH201-8","AMI KH201-8 1/2 NORMAL NARROW WIDTH ECCENTRIC C LOCKING COLLAR"
"18256","KH201","AMI KH201 12MM NORMAL NARROW WIDTH ECCENTRIC LOCKING COLLAR"
"18255","UR204-12","AMI UR204-12 3/4 NORMAL WIDE CYL O.D. SET SCREW"
"18254","UR204","AMI UR204 20MM NORMAL WIDE CYL O.D. SET SCREW"
"18246","UCW203-11","AMI UCW203-11 11/16 NORMAL WIDE 1.5748 O.D. SET S LOCKING"
"18245","UCW203","AMI UCW203 17MM NORMAL WIDE 40MM O.D. SET SCRE LOCKING"
"18244","UCW202-9","AMI UCW202-9 9/16 NORMAL WIDE 1.5748 O.D. SET SC LOCKING"
"18243","UCW202-10","AMI UCW202-10 5/8 NORMAL WIDE 1.5748 O.D. SET SCR LOCKING"
"18242","UCW202","AMI UCW202 15MM NORMAL WIDE 40MM O.D. SET SCRE LOCKING"
"18241","UCW201-8","AMI UCW201-8 1/2 NORMAL WIDE 1.5748 O.D. SET SCR LOCKING"
"18240","UCW201","AMI UCW201 12MM NORMAL WIDE 40MM O.D. SET SCRE SCREW LOCKING 40MM OD"
"18239","UC204-12","AMI UC204-12 3/4 NORMAL DUTY WIDE SET SCREW BEAR SET-SCREW LOCK"
"18238","UC204","AMI UC204 20MM NORMAL DUTY WIDE SET SCREW BEA SET-SCREW LOCK"
"18237","UC203-11","AMI UC203-11 11/16 NORMAL DUTY WIDE SET SCREW BE SET-SCREW LOCK"
"18236","UC203","AMI UC203 17MM NORMAL DUTY WIDE SET SCREW BEA SET-SCREW LOCK"
"18234","UC202-10","AMI UC202-10 5/8 NORMAL DUTY WIDE SET SCREW BEAR SET-SCREW LOCK"
"18233","UC202","AMI UC202 15MM NORMAL DUTY WIDE SET SCREW BEA SET-SCREW LOCK"
"18232","UC201-8","AMI UC201-8 1/2 NORMAL DUTY WIDE SET SCREW BEAR SET-SCREW LOCK"
"18231","UC201","AMI UC201 12MM NORMAL DUTY WIDE SET SCREW BEA SET-SCREW LOCK"
"18230","U001","AMI U001 12MM LIGHT EXTRA NARROW ECCENTRIC C ECCENTRIC LOCKING COLLAR"
"18229","U002","AMI U002 15MM LIGHT EXTRA NARROW ECCENTRIC C NARROW WIDTH BEARING"
"18228","KHR205-15","AMI KHR205-15 15/16 NORMAL NARROW CYL O.D. ECCENT WIDTHCYLINDRICAL O.D. BEARING"
"18227","KHR205-14","AMI KHR205-14 7/8 NORMAL NARROW CYL O.D. ECCENTRI WIDTHCYLINDRICAL O.D. BEARING"
"18226","KHR205","AMI KHR205 25MM NORMAL NARROW CYL O.D. ECCENTR WIDTHCYLINDRICAL O.D. BEARING"
"18225","KH205-15","AMI KH205-15 15/16 NORMAL NARROW WIDTH ECCENTRIC BEARINGECCENTRIC LOCKING COLLAR"
"18224","KH205-14","AMI KH205-14 7/8 NORMAL NARROW WIDTH ECCENTRIC C LOCKING COLLAR"
"18223","KH205","AMI KH205 25MM NORMAL NARROW WIDTH ECCENTRIC LOCKING COLLAR"
"18222","KHR205-16","AMI KHR205-16 1 NORMAL NARROW CYL O.D. ECCENTRIC O.D. BEARING"
"18221","KH205-16","AMI KH205-16 1 NORMAL NARROW WIDTH ECCENTRIC COL COLLAR LOCKING"
"18220","UR205-16","AMI UR205-16 1 NORMAL WIDE CYL O.D. SET SCREW BE"
"18217","UR205","AMI UR205 25MM NORMAL WIDE CYL O.D. SET SCREW"
"18216","UC205-16","AMI UC205-16 1 NORMAL DUTY WIDE SET SCREW BEARIN SET-SCREW LOCK"
"18215","UC205-15","AMI UC205-15 15/16 NORMAL DUTY WIDE SET SCREW BE SET-SCREW LOCK"
"18214","UC205-14","AMI UC205-14 7/8 NORMAL DUTY WIDE SET SCREW BEAR SET-SCREW LOCK"
"18213","UC205","AMI UC205 25MM NORMAL DUTY WIDE SET SCREW BEA SET-SCREW LOCK"
"18212","K000","AMI K000 10MM LIGHT EXTRA NARROW SET SCREW B LOCKING BEARING"
"18211","B1-8MZ2","AMI B1-8MZ2 1/2 ZINC NORMAL NARROW SET SCREW BE WIDTHBEARING"
"18210","B2-10MZ2","AMI B2-10MZ2 5/8 ZINC NORMAL NARROW SET SCREW BE LOCKING"
"18207","UGW202-10","AMI UGW202-10 5/8 NORMAL DUTY WIDE ECCENTRIC COLL LOCKING WIDE RING"
"18205","UGW201-8","AMI UGW201-8 1/2 NORMAL DUTY WIDE ECCENTRIC COLL LOCKING WIDE RING"
"18203","UG204-12","AMI UG204-12 3/4 NORMAL DUTY WIDE ECCENTRIC COLL COLLAR"
"18202","UG204","AMI UG204 20MM NORMAL DUTY WIDE ECCENTRIC COL COLLAR"
"18201","UC203MZ2","AMI UC203MZ2 17MM ZINC NORMAL WIDE SET SCREW BEA"
"18199","UC204MZ2","AMI UC204MZ2 20MM ZINC NORMAL WIDE SET SCREW BEA"
"18198","UC204-12MZ2","AMI UC204-12MZ2 3/4 ZINC NORMAL WIDE SET SCREW BEAR"
"18197","UC202MZ2","AMI UC202MZ2 15MM ZINC NORMAL WIDE SET SCREW BEA"
"18196","UC202-10MZ2","AMI UC202-10MZ2 5/8 ZINC NORMAL WIDE SET SCREW BEAR"
"18195","UC201-8MZ2","AMI UC201-8MZ2 1/2 ZINC NORMAL WIDE SET SCREW BEAR LOCKING"
"18194","B4-12MZ2","AMI B4-12MZ2 3/4 ZINC NORMAL NARROW SET SCREW BE LOCKING"
"18193","K001","AMI K001 12MM LIGHT EXTRA NARROW SET SCREW B LOCKING"
"18192","U003","AMI U003 17MM LIGHT EXTRA NARROW ECCENTRIC C NARROW WIDTH BEARING"
"18191","BR6-20","AMI BR6-20 1-1/4 NORMAL NARROW CYL O.D. SET SC W/CYLINDRICAL O.D."
"18190","BR6-19","AMI BR6-19 1-3/16 NORMAL NARROW CYL O.D. SET S W/CYLINDRICAL O.D."
"18189","BR6-18","AMI BR6-18 1-1/8 NORMAL NARROW CYL O.D. SET SC W/CYLINDRICAL O.D."
"18187","BR6","AMI BR6 30MM NORMAL NARROW CYL O.D. SET SCR WITHCYLINDRICAL O. D."
"18186","B6-20","AMI B6-20 1-1/4 NORMAL NARROW WIDTH SET SCREW SCREW LOCKING"
"18185","B6-19","AMI B6-19 1-3/16 NORMAL NARROW WIDTH SET SCRE SCREW LOCKING"
"18184","B6-18","AMI B6-18 1-1/8 NORMAL NARROW WIDTH SET SCREW SCREW LOCKING"
"18183","B6-17","AMI B6-17 1-1/16 NORMAL NARROW WIDTH SET SCRE SCREW LOCKING"
"18182","B6","AMI B6 30MM NORMAL NARROW WIDTH SET SCREW LOCKING"
"18177","K002","AMI K002 15MM LIGHT EXTRA NARROW SET SCREW B LOCKING BEARING"
"18171","UR206-20","AMI UR206-20 1-1/4 NORMAL WIDE CYL O.D. SET SCRE"
"18167","UR206","AMI UR206 30MM NORMAL WIDE CYL O.D. SET SCREW"
"18166","UC206-20","AMI UC206-20 1-1/4 NORMAL DUTY WIDE SET SCREW BE SET-SCREW LOCK"
"18165","UC206-19","AMI UC206-19 1-3/16 NORMAL DUTY WIDE SET SCREW B RINGBEARING SET-SCREW LOCK"
"18164","UC206-18","AMI UC206-18 1-1/8 NORMAL DUTY WIDE SET SCREW BE SET-SCREW LOCK"
"18163","UC206-17","AMI UC206-17 1-1/16 NORMAL DUTY WIDE SET SCREW B RINGBEARING SET-SCREW LOCK"
"18162","UC206","AMI UC206 30MM NORMAL DUTY WIDE SET SCREW BEA SET-SCREW LOCK"
"18133","UC205MZ2","AMI UC205MZ2 25MM ZINC NORMAL WIDE SET SCREW BEA"
"18132","UC205-16MZ2","AMI UC205-16MZ2 1 ZINC NORMAL WIDE SET SCREW BEARIN"
"18130","UC205-14MZ2","AMI UC205-14MZ2 7/8 ZINC NORMAL WIDE SET SCREW BEAR"
"18129","SER204-12","AMI SER204-12 3/4 NORMAL WIDE CYL O.D. SET SCREW"
"18127","SER202-10","AMI SER202-10 5/8 NORMAL WIDE CYL O.D. SET SCREW"
"18126","SER201-8","AMI SER201-8 1/2 NORMAL WIDE CYL O.D. SET SCREW"
"18110","K003","AMI K003 17MM LIGHT EXTRA NARROW SET SCREW B LOCKING BEARING"
"18107","URE004-12","AMI URE004-12 3/4 LIGHT EXTRA NARROW ECCENTRIC CO CYLINDRICAL O. D."
"18106","URE004","AMI URE004 20MM LIGHT EXTRA NARROW ECCENTRIC C LOCKINGSTRAIGHT O.D."
"18105","U004","AMI U004 20MM LIGHT EXTRA NARROW ECCENTRIC C NARROW WIDTH BEARING"
"18065","B5-16MZ2","AMI B5-16MZ2 1 ZINC NORMAL NARROW SET SCREW BEAR LOCKING"
"18044","KHR206-20","AMI KHR206-20 1-1/4 NORMAL NARROW CYL O.D. ECCENT WIDTHCYLINDRICAL O.D. BEARING"
"18043","KHR206-19","AMI KHR206-19 1-3/16 NORMAL NARROW CYL O.D. ECCEN WIDTHCYLINDRICAL O.D. BEARING"
"18042","KHR206-18","AMI KHR206-18 1-1/8 NORMAL NARROW CYL O.D. ECCENT WIDTHCYLINDRICAL O.D. BEARING"
"18041","KHR206-17","AMI KHR206-17 1-1/16 NORMAL NARROW CYL O.D. ECCEN WIDTHCYLINDRICAL O.D. BEARING"
"18040","KHR206","AMI KHR206 30MM NORMAL NARROW CYL O.D. ECCENTR WIDTHCYLINDRICAL O.D. BEARING"
"18039","KH206-20","AMI KH206-20 1-1/4 NORMAL NARROW WIDTH ECCENTRIC BEARINGECCENTRIC LOCKING COLLAR"
"18038","KH206-19","AMI KH206-19 1-3/16 NORMAL NARROW WIDTH ECCENTRI BEARINGECCENTRIC LOCKING COLLAR"
"18037","KH206-18","AMI KH206-18 1-1/8 NORMAL NARROW WIDTH ECCENTRIC BEARINGECCENTRIC LOCKING COLLAR"
"18035","KH206","AMI KH206 30MM NORMAL NARROW WIDTH ECCENTRIC LOCKING COLLAR"
"18013","SER204","AMI SER204 20MM NORMAL WIDE CYL O.D. SET SCREW"
"18012","SER203","AMI SER203 17MM NORMAL WIDE CYL O.D. SET SCREW"
"18011","SER202","AMI SER202 15MM NORMAL WIDE CYL O.D. SET SCREW"
"18010","SER201","AMI SER201 12MM NORMAL WIDE CYL O.D. SET SCREW"
"18009","UG205-16","AMI UG205-16 1 NORMAL DUTY WIDE ECCENTRIC COLLAR COLLAR"
"18008","UG205-15","AMI UG205-15 15/16 NORMAL DUTY WIDE ECCENTRIC CO ECCENTRICLOCKING COLLAR"
"18007","UG205-14","AMI UG205-14 7/8 NORMAL DUTY WIDE ECCENTRIC COLL COLLAR"
"18006","UG205","AMI UG205 25MM NORMAL DUTY WIDE ECCENTRIC COL COLLAR"
"17993","SER205-16","AMI SER205-16 1 NORMAL WIDE CYL O.D. SET SCREW SN"
"17992","SER205-15","AMI SER205-15 15/16 NORMAL WIDE CYL O.D. SET SCRE"
"17991","SER205-14","AMI SER205-14 7/8 NORMAL WIDE CYL O.D. SET SCREW"
"17984","SER204-12FS","AMI SER204-12FS 3/4 NORMAL WIDE CYL O.D. SET SCREW CAGE"
"17982","SER201-8FS","AMI SER201-8FS 1/2 NORMAL WIDE CYL O.D. SET SCREW CAGE"
"17941","BR7-23","AMI BR7-23 1-7/16 NORMAL NARROW CYL O.D. SET S W/CYLINDRICAL O.D."
"17940","BR7-22","AMI BR7-22 1-3/8 NORMAL NARROW CYL O.D. SET SC W/CYLINDRICAL O.D."
"17939","BR7-21","AMI BR7-21 1-5/16 NORMAL NARROW CYL O.D. SET S W/CYLINDRICAL O.D."
"17938","BR7-20","AMI BR7-20 1-1/4 NORMAL NARROW CYL O.D. SET SC W/CYLINDRICAL O.D."
"17937","BR7","AMI BR7 35MM NORMAL NARROW CYL O.D. SET SCR S.SLOCKNON-RELUBE W/CYLINDRICAL O.D."
"17936","B7-23","AMI B7-23 1-7/16 NORMAL NARROW WIDTH SET SCRE SCREW LOCKING"
"17935","B7-22","AMI B7-22 1-3/8 NORMAL NARROW WIDTH SET SCREW SCREW LOCKING"
"17934","B7-21","AMI B7-21 1-5/16 NORMAL NARROW WIDTH SET SCRE SCREW LOCKING"
"17933","B7-20","AMI B7-20 1-1/4 NORMAL NARROW WIDTH SET SCREW SCREW LOCKING"
"17932","B7","AMI B7 35MM NORMAL NARROW WIDTH SET SCREW LOCKING"
"17931","PAV205-16","AMI PAV205-16 1 POLY-ACETAL SLEEVE BEARING INSERT"
"17930","K004","AMI K004 20MM LIGHT EXTRA NARROW SET SCREW B LOCKING BEARING"
"17929","UC206MZ2","AMI UC206MZ2 30MM ZINC NORMAL WIDE SET SCREW BEA"
"17928","UC206-20MZ2","AMI UC206-20MZ2 1-1/4 ZINC NORMAL WIDE SET SCREW BE"
"17927","UC206-19MZ2","AMI UC206-19MZ2 1-3/16 ZINC NORMAL WIDE SET SCREW B"
"17926","UC206-18MZ2","AMI UC206-18MZ2 1-1/8 ZINC NORMAL WIDE SET SCREW BE"
"17925","UC206-17MZ2","AMI UC206-17MZ2 1-1/16 ZINC NORMAL WIDE SET SCREW B"
"17924","U005","AMI U005 25MM LIGHT EXTRA NARROW ECCENTRIC C NARROW WIDTH BEARING"
"17867","SER205","AMI SER205 25MM NORMAL WIDE CYL O.D. SET SCREW"
"17866","SER204FS","AMI SER204FS 20MM NORMAL WIDE CYL O.D. SET SCREW CAGE"
"17865","SER203FS","AMI SER203FS 17MM NORMAL WIDE CYL O.D. SET SCREW SET SCREWS AT 120 DEGREES"
"17864","SER202FS","AMI SER202FS 15MM NORMAL WIDE CYL O.D. SET SCREW SET SCREWS AT 120 DEGREES"
"17863","SER201FS","AMI SER201FS 12MM NORMAL WIDE CYL O.D. SET SCREW SET SCREWS AT 120 DEGREES"
"17854","K005","AMI K005 25MM LIGHT EXTRA NARROW SET SCREW B LOCKING BEARING"
"17853","UR207-23","AMI UR207-23 1-7/16 NORMAL WIDE CYL O.D. SET SCR"
"17850","UR207-20","AMI UR207-20 1-1/4 NORMAL WIDE CYL O.D. SET SCRE"
"17849","UR207","AMI UR207 35MM NORMAL WIDE CYL O.D. SET SCREW"
"17848","UC207-23","AMI UC207-23 1-7/16 NORMAL DUTY WIDE SET SCREW B RINGBEARING SET-SCREW LOCK"
"17847","UC207-22","AMI UC207-22 1-3/8 NORMAL DUTY WIDE SET SCREW BE SET-SCREW LOCK"
"17846","UC207-21","AMI UC207-21 1-5/16 NORMAL DUTY WIDE SET SCREW B RINGBEARING SET-SCREW LOCK"
"17845","UC207-20","AMI UC207-20 1-1/4 NORMAL DUTY WIDE SET SCREW BE SET-SCREW LOCK"
"17844","UC207","AMI UC207 35MM NORMAL DUTY WIDE SET SCREW BEA SET-SCREW LOCK"
"17834","SER205-16FS","AMI SER205-16FS 1 NORMAL WIDE CYL O.D. SET SCREW FR CAGE"
"17833","SER205-15FS","AMI SER205-15FS 15/16 NORMAL WIDE CYL O.D. SET SCRE STEEL CAGE"
"17816","SER206-20","AMI SER206-20 1-1/4 NORMAL WIDE CYL O.D. SET SCRE"
"17815","SER206-19","AMI SER206-19 1-3/16 NORMAL WIDE CYL O.D. SET SCR"
"17814","SER206-18","AMI SER206-18 1-1/8 NORMAL WIDE CYL O.D. SET SCRE"
"17813","SER206-17","AMI SER206-17 1-1/16 NORMAL WIDE CYL O.D. SET SCR"
"17812","UG206-20","AMI UG206-20 1-1/4 NORMAL DUTY WIDE ECCENTRIC CO ECCENTRICLOCKING COLLAR"
"17811","UG206-19","AMI UG206-19 1-3/16 NORMAL DUTY WIDE ECCENTRIC C ECCENTRICLOCKING COLLAR"
"17810","UG206-18","AMI UG206-18 1-1/8 NORMAL DUTY WIDE ECCENTRIC CO ECCENTRICLOCKING COLLAR"
"17808","UG206","AMI UG206 30MM NORMAL DUTY WIDE ECCENTRIC COL COLLAR"
"17755","B6-19MZ2","AMI B6-19MZ2 1-3/16 ZINC NORMAL NARROW SET SCREW SCREW LOCKING"
"17754","B6-18MZ2","AMI B6-18MZ2 1-1/8 ZINC NORMAL NARROW SET SCREW LOCKING"
"17753","B6-20MZ2","AMI B6-20MZ2 1-1/4 ZINC NORMAL NARROW SET SCREW LOCKING"
"17743","SER205FS","AMI SER205FS 25MM NORMAL WIDE CYL O.D. SET SCREW RING"
"17714","SER206","AMI SER206 30MM NORMAL WIDE CYL O.D. SET SCREW"
"17688","U006","AMI U006 30MM LIGHT EXTRA NARROW ECCENTRIC C NARROW WIDTH BEARING"
"17685","SER206-20FS","AMI SER206-20FS 1-1/4 NORMAL WIDE CYL O.D. SET SCRE STEEL CAGE"
"17684","SER206-19FS","AMI SER206-19FS 1-3/16 NORMAL WIDE CYL O.D. SET SCR STEEL CAGE"
"17683","SER206-18FS","AMI SER206-18FS 1-1/8 NORMAL WIDE CYL O.D. SET SCRE SPINNING"
"17682","SER206-17FS","AMI SER206-17FS 1-1/16 NORMAL WIDE CYL O.D. SET SCR SET SCREWS AT 120 DEGREES"
"17681","KHR207-23","AMI KHR207-23 1-7/16 NORMAL NARROW CYL O.D. ECCEN WIDTHCYLINDRICAL O.D. BEARING"
"17680","KHR207-22","AMI KHR207-22 1-3/8 NORMAL NARROW CYL O.D. ECCENT WIDTHCYLINDRICAL O.D. BEARING"
"17679","KHR207-21","AMI KHR207-21 1-5/16 NORMAL NARROW CYL O.D. ECCEN WIDTHCYLINDRICAL O.D. BEARING"
"17678","KHR207-20","AMI KHR207-20 1-1/4 NORMAL NARROW CYL O.D. ECCENT WIDTHCYLINDRICAL O.D. BEARING"
"17677","KHR207","AMI KHR207 35MM NORMAL NARROW CYL O.D. ECCENTR WIDTHCYLINDRICAL O.D. BEARING"
"17676","KH207-23","AMI KH207-23 1-7/16 NORMAL NARROW WIDTH ECCENTRI BEARINGECCENTRIC LOCKING COLLAR"
"17675","KH207-22","AMI KH207-22 1-3/8 NORMAL NARROW WIDTH ECCENTRIC BEARINGECCENTRIC LOCKING COLLAR"
"17674","KH207-21","AMI KH207-21 1-5/16 NORMAL NARROW WIDTH ECCENTRI BEARINGECCENTRIC LOCKING COLLAR"
"17673","KH207-20","AMI KH207-20 1-1/4 NORMAL NARROW WIDTH ECCENTRIC BEARINGECCENTRIC LOCKING COLLAR"
"17672","KH207","AMI KH207 35MM NORMAL NARROW WIDTH ECCENTRIC LOCKING COLLAR"
"17645","UCX05-16","AMI UCX05-16 1 MEDIUM DUTY WIDE SET SCREW BEARIN"
"17642","UCX05","AMI UCX05 25MM MEDIUM DUTY WIDE SET SCREW BEA"
"17569","SER205-14FS","AMI SER205-14FS 7/8 NORMAL WIDE CYL O.D. SET SCREW"
"17554","U007","AMI U007 35MM LIGHT EXTRA NARROW ECCENTRIC C NARROW WIDTH BEARING"
"17543","UC207MZ2","AMI UC207MZ2 35MM ZINC NORMAL WIDE SET SCREW BEA"
"17542","UC207-23MZ2","AMI UC207-23MZ2 1-7/16 ZINC NORMAL WIDE SET SCREW B"
"17541","UC207-22MZ2","AMI UC207-22MZ2 1-3/8 ZINC NORMAL WIDE SET SCREW BE"
"17540","UC207-21MZ2","AMI UC207-21MZ2 1-5/16 ZINC NORMAL WIDE SET SCREW B"
"17539","UC207-20MZ2","AMI UC207-20MZ2 1-1/4 ZINC NORMAL WIDE SET SCREW BE"
"17533","K006","AMI K006 30MM LIGHT EXTRA NARROW SET SCREW B LOCKING BEARING"
"17529","SER207-23","AMI SER207-23 1-7/16 NORMAL WIDE CYL O.D. SET SCR"
"17528","SER207-22","AMI SER207-22 1-3/8 NORMAL WIDE CYL O.D. SET SCRE"
"17527","SER207-21","AMI SER207-21 1-5/16 NORMAL WIDE CYL O.D. SET SCR"
"17526","SER207-20","AMI SER207-20 1-1/4 NORMAL WIDE CYL O.D. SET SCRE"
"17524","UR208-24","AMI UR208-24 1-1/2 NORMAL WIDE CYL O.D. SET SCRE"
"17523","UR208","AMI UR208 40MM NORMAL WIDE CYL O.D. SET SCREW"
"17522","UC208-25","AMI UC208-25 1-9/16 NORMAL DUTY WIDE SET SCREW B RINGBEARING SET-SCREW LOCK"
"17521","UC208-24","AMI UC208-24 1-1/2 NORMAL DUTY WIDE SET SCREW BE SET-SCREW LOCK"
"17520","UC208","AMI UC208 40MM NORMAL DUTY WIDE SET SCREW BEA SET-SCREW LOCK"
"17482","UK205+HE2305","AMI UK205+HE2305 3/4 NORMAL DUTY WIDE ADAPTER SLEEVE WITH ADAPTER"
"17481","UK205+HA2305","AMI UK205+HA2305 13/16 NORMAL DUTY WIDE ADAPTER SLEE LOCKINGBEARING (W/ADAPTER)"
"17480","UK205+H2305","AMI UK205+H2305 20MM NORMAL DUTY WIDE ADAPTER SLEEV (WITH ADAPTER)"
"17459","SUE204","AMI SUE204 20MM NORMAL WIDE CYL O.D. ACCU-LOC"
"17458","UE204","AMI UE204 20MM NORMAL DUTY WIDE ACCU-LOC BEAR"
"17433","UCX06-20","AMI UCX06-20 1-1/4 MEDIUM DUTY WIDE SET SCREW BE"
"17432","UCX06-19","AMI UCX06-19 1-3/16 MEDIUM DUTY WIDE SET SCREW B"
"17431","UCX06-18","AMI UCX06-18 1-1/8 MEDIUM DUTY WIDE SET SCREW BE"
"17430","UCX06","AMI UCX06 30MM MEDIUM DUTY WIDE SET SCREW BEA"
"17428","KHR208-24","AMI KHR208-24 1-1/2 NORMAL NARROW CYL O.D. ECCENT WIDTHCYLINDRICAL O.D. BEARING"
"17427","KHR208","AMI KHR208 40MM NORMAL NARROW CYL O.D. ECCENTR WIDTHCYLINDRICAL O.D. BEARING"
"17425","KH208-24","AMI KH208-24 1-1/2 NORMAL NARROW WIDTH ECCENTRIC BEARINGECCENTRIC LOCKING COLLAR"
"17424","KH208","AMI KH208 40MM NORMAL NARROW WIDTH ECCENTRIC LOCKING COLLAR"
"17413","UE204-12","AMI UE204-12 3/4 NORMAL DUTY WIDE ACCU-LOC BEARI"
"17412","SUE204-12","AMI SUE204-12 3/4 NORMAL WIDE CYL O.D. ACCU-LOC S"
"17411","SER207-23FS","AMI SER207-23FS 1-7/16 NORMAL WIDE CYL O.D. SET SCR STEEL CAGE"
"17410","SER207-21FS","AMI SER207-21FS 1-5/16 NORMAL WIDE CYL O.D. SET SCR SET SCREWS AT 120 DEGREES"
"17409","SER207-20FS","AMI SER207-20FS 1-1/4 NORMAL WIDE CYL O.D. SET SCRE STEEL CAGE"
"17406","SER207","AMI SER207 35MM NORMAL WIDE CYL O.D. SET SCREW"
"17387","UKX05+HE2305","AMI UKX05+HE2305 3/4 MEDIUM DUTY WIDE ADAPTER SLEEVE ADAPTER LOCKING"
"17386","UKX05+HA2305","AMI UKX05+HA2305 13/16 MEDIUM DUTY WIDE ADAPTER SLEE DUTY ADAPTER LOCKING"
"17385","UKX05+H2305","AMI UKX05+H2305 20MM MEDIUM DUTY WIDE ADAPTER SLEEV ADAPTER LOCKING"
"17381","UR209","AMI UR209 45MM NORMAL WIDE CYL O.D. SET SCREW"
"17380","UC209-28","AMI UC209-28 1-3/4 NORMAL DUTY WIDE SET SCREW BE SET-SCREW LOCK"
"17379","UC209-27","AMI UC209-27 1-11/16 NORMAL DUTY WIDE SET SCREW SET-SCREW LOCK"
"17378","UC209-26","AMI UC209-26 1-5/8 NORMAL DUTY WIDE SET SCREW BE SET-SCREW LOCK"
"17377","UC209","AMI UC209 45MM NORMAL DUTY WIDE SET SCREW BEA SET-SCREW LOCK"
"17369","SUE205","AMI SUE205 25MM NORMAL WIDE CYL O.D. ACCU-LOC"
"17368","UE205","AMI UE205 25MM NORMAL DUTY WIDE ACCU-LOC BEAR"
"17362","UG207-23","AMI UG207-23 1-7/16 NORMAL DUTY WIDE ECCENTRIC C ECCENTRICLOCKING COLLAR"
"17361","UG207-22","AMI UG207-22 1-3/8 NORMAL DUTY WIDE ECCENTRIC CO ECCENTRICLOCKING COLLAR"
"17360","UG207-21","AMI UG207-21 1-5/16 NORMAL DUTY WIDE ECCENTRIC C ECCENTRICLOCKING COLLAR"
"17359","UG207-20","AMI UG207-20 1-1/4 NORMAL DUTY WIDE ECCENTRIC CO ECCENTRICLOCKING COLLAR"
"17358","UG207","AMI UG207 35MM NORMAL DUTY WIDE ECCENTRIC COL COLLAR"
"17353","SUE205-16","AMI SUE205-16 1 NORMAL WIDE CYL O.D. ACCU-LOC SNA"
"17351","UE205-16","AMI UE205-16 1 NORMAL DUTY WIDE ACCU-LOC BEARING"
"17350","UE205-15","AMI UE205-15 15/16 NORMAL DUTY WIDE ACCU-LOC BEA"
"17349","UE205-14","AMI UE205-14 7/8 NORMAL DUTY WIDE ACCU-LOC BEARI"
"17304","SUE204-12FS","AMI SUE204-12FS 3/4 NORMAL WIDE CYL O.D. ACCU-LOC F FREE SPINNING"
"17274","UC204C4HR5","AMI UC204C4HR5 20MM NORMAL HIGH TEMP (400 DEG) SET"
"17273","UC204-12C4HR5","AMI UC204-12C4HR5 3/4 NORMAL HIGH TEMP (400 DEG) SET"
"17272","UC203C4HR5","AMI UC203C4HR5 17MM NORMAL HIGH TEMP (400 DEG) SET"
"17270","UC202C4HR5","AMI UC202C4HR5 15MM NORMAL HIGH TEMP (400 DEG) SET"
"17268","UC202-10C4HR5","AMI UC202-10C4HR5 5/8 NORMAL HIGH TEMP (400 DEG) SET"
"17267","UC201C4HR5","AMI UC201C4HR5 12MM NORMAL HIGH TEMP (400 DEG) SET"
"17266","UC201-8C4HR5","AMI UC201-8C4HR5 1/2 NORMAL HIGH TEMP (400 DEG) SET"
"17261","UK305+HE2305","AMI UK305+HE2305 3/4 HEAVY DUTY WIDE ADAPTER SLEEVE ADAPTER LOCKING"
"17260","UK305+H2305","AMI UK305+H2305 20MM HEAVY DUTY WIDE ADAPTER SLEEVE ADAPTER LOCKING"
"17245","SER207FS","AMI SER207FS 35MM NORMAL WIDE CYL O.D. SET SCREW STEEL CAGE"
"17210","UC305-16","AMI UC305-16 1 HEAVY DUTY WIDE SET SCREW BEARING BRG SET-SCREW LOCK"
"17209","UC305","AMI UC305 25MM HEAVY DUTY WIDE SET SCREW BEAR RING BRG SET-SCREW LOCK"
"17208","B8-24","AMI B8-24 1-1/2 NORMAL NARROW WIDTH SET SCREW SCREW LOCKING"
"17207","B8","AMI B8 40MM NORMAL NARROW WIDTH SET SCREW LOCKING"
"17151","KHR209-28","AMI KHR209-28 1-3/4 NORMAL NARROW CYL O.D. ECCENT WIDTHCYLINDRICAL O.D. BEARING"
"17150","KHR209-27","AMI KHR209-27 1-11/16 NORMAL NARROW CYL O.D. ECCE WIDTHCYLINDRICAL O.D. BEARING"
"17149","KHR209-26","AMI KHR209-26 1-5/8 NORMAL NARROW CYL O.D. ECCENT WIDTHCYLINDRICAL O.D. BEARING"
"17148","KHR209","AMI KHR209 45MM NORMAL NARROW CYL O.D. ECCENTR WIDTHCYLINDRICAL O.D. BEARING"
"17147","KH209-28","AMI KH209-28 1-3/4 NORMAL NARROW WIDTH ECCENTRIC BEARINGECCENTRIC LOCKING COLLAR"
"17146","KH209-27","AMI KH209-27 1-11/16 NORMAL NARROW WIDTH ECCENTR BEARINGECCENTRIC LOCKING COLLAR"
"17145","KH209-26","AMI KH209-26 1-5/8 NORMAL NARROW WIDTH ECCENTRIC BEARINGECCENTRIC LOCKING COLLAR"
"17144","KH209","AMI KH209 45MM NORMAL NARROW WIDTH ECCENTRIC LOCKING COLLAR"
"17139","SUE205-16FS","AMI SUE205-16FS 1 NORMAL WIDE CYL O.D. ACCU-LOC FRE FREE SPINNING"
"17135","UK206+HS2306","AMI UK206+HS2306 7/8 NORMAL DUTY WIDE ADAPTER SLEEVE (W/ADAPTER)"
"17134","UK206+HE2306","AMI UK206+HE2306 1 NORMAL DUTY WIDE ADAPTER SLEEVE B (W/ADAPTER)"
"17133","UK206+HA2306","AMI UK206+HA2306 15/16 NORMAL DUTY WIDE ADAPTER SLEE LOCKINGBEARING (W/ADAPTER)"
"17132","UK206+H2306","AMI UK206+H2306 25MM NORMAL DUTY WIDE ADAPTER SLEEV (W/ADAPTER)"
"17131","UC208MZ2","AMI UC208MZ2 40MM ZINC NORMAL WIDE SET SCREW BEA"
"17130","UC208-24MZ2","AMI UC208-24MZ2 1-1/2 ZINC NORMAL WIDE SET SCREW BE LOCKING"
"17119","UKX06+HS2306","AMI UKX06+HS2306 7/8 MEDIUM DUTY WIDE ADAPTER SLEEVE ADAPTER LOCKING"
"17118","UKX06+HE2306","AMI UKX06+HE2306 1 MEDIUM DUTY WIDE ADAPTER SLEEVE B ADAPTER LOCKING"
"17117","UKX06+HA2306","AMI UKX06+HA2306 15/16 MEDIUM DUTY WIDE ADAPTER SLEE DUTY ADAPTER LOCKING"
"17116","UKX06+H2306","AMI UKX06+H2306 25MM MEDIUM DUTY WIDE ADAPTER SLEEV"
"17107","SUE204FS","AMI SUE204FS 20MM NORMAL WIDE CYL O.D. ACCU-LOC FREE SPINNING"
"17092","SER208-25","AMI SER208-25 1-9/16 NORMAL WIDE CYL O.D. SET SCR"
"17091","SER208-24","AMI SER208-24 1-1/2 NORMAL WIDE CYL O.D. SET SCRE"
"17054","SUE205FS","AMI SUE205FS 25MM NORMAL WIDE CYL O.D. ACCU-LOC FREE SPINNING"
"17045","UC210-32","AMI UC210-32 2 NORMAL DUTY WIDE SET SCREW BEARIN SET-SCREW LOCK"
"17044","UC210-31","AMI UC210-31 1-15/16 NORMAL DUTY WIDE SET SCREW RINGBEARING SET-SCREW LOCK"
"17043","UC210-30","AMI UC210-30 1-7/8 NORMAL DUTY WIDE SET SCREW BE SET-SCREW LOCK"
"17042","UC210","AMI UC210 50MM NORMAL DUTY WIDE SET SCREW BEA SET-SCREW LOCK"
"17000","UG208-24","AMI UG208-24 1-1/2 NORMAL DUTY WIDE ECCENTRIC CO ECCENTRICLOCKING COLLAR"
"16999","UG208","AMI UG208 40MM NORMAL DUTY WIDE ECCENTRIC COL COLLAR"
"16994","B7-23MZ2","AMI B7-23MZ2 1-7/16 ZINC NORMAL NARROW SET SCREW SCREW LOCKING"
"16993","B7-20MZ2","AMI B7-20MZ2 1-1/4 ZINC NORMAL NARROW SET SCREW LOCKING"
"16962","UCX07-23","AMI UCX07-23 1-7/16 MEDIUM DUTY WIDE SET SCREW B"
"16961","UCX07-22","AMI UCX07-22 1-3/8 MEDIUM DUTY WIDE SET SCREW BE"
"16960","UCX07-20","AMI UCX07-20 1-1/4 MEDIUM DUTY WIDE SET SCREW BE"
"16959","UCX07","AMI UCX07 35MM MEDIUM DUTY WIDE SET SCREW BEA"
"16941","UC209MZ2","AMI UC209MZ2 45MM ZINC NORMAL WIDE SET SCREW BEA"
"16940","UC209-28MZ2","AMI UC209-28MZ2 1-3/4 ZINC NORMAL WIDE SET SCREW BE"
"16939","UC209-27MZ2","AMI UC209-27MZ2 1-11/16 ZINC NORMAL WIDE SET SCREW"
"16937","SER208-25FS","AMI SER208-25FS 1-9/16 NORMAL WIDE CYL O.D. SET SCR SPINNING"
"16936","SER208-24FS","AMI SER208-24FS 1-1/2 NORMAL WIDE CYL O.D. SET SCRE STEEL CAGE"
"16935","SER210-30FS","AMI SER210-30FS 1-7/8 NORMAL WIDE CYL O.D. SET SCRE SPINNING"
"16881","SER208","AMI SER208 40MM NORMAL WIDE CYL O.D. SET SCREW"
"16869","UC205C4HR5","AMI UC205C4HR5 25MM NORMAL HIGH TEMP (400 DEG) SET"
"16868","UC205-16C4HR5","AMI UC205-16C4HR5 1 NORMAL HIGH TEMP (400 DEG) SET SC"
"16867","UC205-15C4HR5","AMI UC205-15C4HR5 15/16 NORMAL HIGH TEMP (400 DEG) SE"
"16866","UC205-14C4HR5","AMI UC205-14C4HR5 7/8 NORMAL HIGH TEMP (400 DEG) SET"
"16865","PAV206-20","AMI PAV206-20 1-1/4 POLY-ACETAL SLEEVE BEARING IN"
"16860","KHR210-31","AMI KHR210-31 1-15/16 NORMAL NARROW CYL O.D. ECCE WIDTHCYLINDRICAL O.D. BEARING"
"16859","KHR210-30","AMI KHR210-30 1-7/8 NORMAL NARROW CYL O.D. ECCENT WIDTHCYLINDRICAL O.D. BEARING"
"16858","KHR210","AMI KHR210 50MM NORMAL NARROW CYL O.D. ECCENTR WIDTHCYLINDRICAL O.D. BEARING"
"16857","KH210-31","AMI KH210-31 1-15/16 NORMAL NARROW WIDTH ECCENTR BEARINGECCENTRIC LOCKING COLLAR"
"16856","KH210-30","AMI KH210-30 1-7/8 NORMAL NARROW WIDTH ECCENTRIC BEARINGECCENTRIC LOCKING COLLAR"
"16855","KH210","AMI KH210 50MM NORMAL NARROW WIDTH ECCENTRIC WITHECCENTRIC LOCKING COLLAR"
"16854","UC306-19","AMI UC306-19 1-3/16 HEAVY DUTY WIDE SET SCREW BE RING BRG SET-SCREW LOCK"
"16853","UC306","AMI UC306 30MM HEAVY DUTY WIDE SET SCREW BEAR RING BRG SET-SCREW LOCK"
"16764","UK306+HE2306","AMI UK306+HE2306 1 HEAVY DUTY WIDE ADAPTER SLEEVE BE LOCKING"
"16763","UK306+H2306","AMI UK306+H2306 25MM HEAVY DUTY WIDE ADAPTER SLEEVE ADAPTER LOCKING"
"16708","MU002","AMI MU002 15MM STAINLESS LIGHT EXTRA NARROW E COLL X/NARR SILVER SERIES"
"16707","SER209-28","AMI SER209-28 1-3/4 NORMAL WIDE CYL O.D. SET SCRE"
"16706","SER209-27","AMI SER209-27 1-11/16 NORMAL WIDE CYL O.D. SET SC"
"16705","SER209-26","AMI SER209-26 1-5/8 NORMAL WIDE CYL O.D. SET SCRE"
"16704","MU001","AMI MU001 12MM STAINLESS LIGHT EXTRA NARROW E COLL X/NARR SILVER SERIES"
"16698","MU000","AMI MU000 10MM STAINLESS LIGHT EXTRA NARROW E COLL X/NARR SILVER SERIES"
"16670","UG209-28","AMI UG209-28 1-3/4 NORMAL DUTY WIDE ECCENTRIC CO ECCENTRICLOCKING COLLAR"
"16669","UG209-27","AMI UG209-27 1-11/16 NORMAL DUTY WIDE ECCENTRIC ECCENTRICLOCKING COLLAR"
"16668","UG209-26","AMI UG209-26 1-5/8 NORMAL DUTY WIDE ECCENTRIC CO ECCENTRICLOCKING COLLAR"
"16667","UG209","AMI UG209 45MM NORMAL DUTY WIDE ECCENTRIC COL COLLAR"
"16666","UK207+HS2307","AMI UK207+HS2307 1-1/8 NORMAL DUTY WIDE ADAPTER SLEE LOCKINGBEARING (W/ADAPTER)"
"16665","UK207+HA2307","AMI UK207+HA2307 1-3/16 NORMAL DUTY WIDE ADAPTER SLE LOCKINGBEARING (W/ADAPTER)"
"16664","UK207+H2307","AMI UK207+H2307 30MM NORMAL DUTY WIDE ADAPTER SLEEV"
"16619","SUE206","AMI SUE206 30MM NORMAL WIDE CYL O.D. ACCU-LOC"
"16618","UE206","AMI UE206 30MM NORMAL DUTY WIDE ACCU-LOC BEAR"
"16616","UCX08-24","AMI UCX08-24 1-1/2 MEDIUM DUTY WIDE SET SCREW BE"
"16615","UCX08","AMI UCX08 40MM MEDIUM DUTY WIDE SET SCREW BEA"
"16614","SUE206-20","AMI SUE206-20 1-1/4 NORMAL WIDE CYL O.D. ACCU-LOC RING"
"16613","SUE206-19","AMI SUE206-19 1-3/16 NORMAL WIDE CYL O.D. ACCU-LO RING"
"16612","SUE206-18","AMI SUE206-18 1-1/8 NORMAL WIDE CYL O.D. ACCU-LOC RING"
"16611","UE206-20","AMI UE206-20 1-1/4 NORMAL DUTY WIDE ACCU-LOC BEA"
"16610","UE206-19","AMI UE206-19 1-3/16 NORMAL DUTY WIDE ACCU-LOC BE"
"16609","UE206-18","AMI UE206-18 1-1/8 NORMAL DUTY WIDE ACCU-LOC BEA"
"16583","UKX07+HS2307","AMI UKX07+HS2307 1-1/8 MEDIUM DUTY WIDE ADAPTER SLEE DUTY ADAPTER LOCKING"
"16582","UKX07+HA2307","AMI UKX07+HA2307 1-3/16 MEDIUM DUTY WIDE ADAPTER SLE DUTY ADAPTER LOCKING"
"16581","UKX07+H2307","AMI UKX07+H2307 30MM MEDIUM DUTY WIDE ADAPTER SLEEV"
"16575","MU003","AMI MU003 17MM STAINLESS LIGHT EXTRA NARROW E COLL X/NARR SILVER SERIES"
"16569","UG210-32","AMI UG210-32 2 NORMAL DUTY WIDE ECCENTRIC COLLAR COLLAR"
"16568","UG210-31","AMI UG210-31 1-15/16 NORMAL DUTY WIDE ECCENTRIC ECCENTRICLOCKING COLLAR"
"16567","UG210-30","AMI UG210-30 1-7/8 NORMAL DUTY WIDE ECCENTRIC CO ECCENTRICLOCKING COLLAR"
"16566","UG210","AMI UG210 50MM NORMAL DUTY WIDE ECCENTRIC COL COLLAR"
"16564","SER209-27FS","AMI SER209-27FS 1-11/16 NORMAL WIDE CYL O.D. SET SC STEEL CAGE"
"16563","SER209-26FS","AMI SER209-26FS 1-5/8 NORMAL WIDE CYL O.D. SET SCRE STEEL CAGE"
"16438","SER209","AMI SER209 45MM NORMAL WIDE CYL O.D. SET SCREW"
"16364","UC210MZ2","AMI UC210MZ2 50MM ZINC NORMAL WIDE SET SCREW BEA"
"16363","UC210-32MZ2","AMI UC210-32MZ2 2 ZINC NORMAL WIDE SET SCREW BEARIN"
"16362","UC210-31MZ2","AMI UC210-31MZ2 1-15/16 ZINC NORMAL WIDE SET SCREW"
"16361","UC210-30MZ2","AMI UC210-30MZ2 1-7/8 ZINC NORMAL WIDE SET SCREW BE"
"16335","SUE206-20FS","AMI SUE206-20FS 1-1/4 NORMAL WIDE CYL O.D. ACCU-LOC RING FREE SPINNING"
"16334","SUE206-19FS","AMI SUE206-19FS 1-3/16 NORMAL WIDE CYL O.D. ACCU-LO RING FREE SPINNING"
"16333","SUE206-18FS","AMI SUE206-18FS 1-1/8 NORMAL WIDE CYL O.D. ACCU-LOC RING FREE SPINNING"
"16332","B8-24MZ2","AMI B8-24MZ2 1-1/2 ZINC NORMAL NARROW SET SCREW LOCKING"
"16331","SER210-31","AMI SER210-31 1-15/16 NORMAL WIDE CYL O.D. SET SC"
"16330","SER210-30","AMI SER210-30 1-7/8 NORMAL WIDE CYL O.D. SET SCRE"
"16325","UC206C4HR5","AMI UC206C4HR5 30MM NORMAL HIGH TEMP (400 DEG) SET"
"16324","UC206-20C4HR5","AMI UC206-20C4HR5 1-1/4 NORMAL HIGH TEMP (400 DEG) SE DEGREES)"
"16323","UC206-19C4HR5","AMI UC206-19C4HR5 1-3/16 NORMAL HIGH TEMP (400 DEG) S DEGREES)"
"16322","UC206-18C4HR5","AMI UC206-18C4HR5 1-1/8 NORMAL HIGH TEMP (400 DEG) SE"
"16310","UC307-23","AMI UC307-23 1-7/16 HEAVY DUTY WIDE SET SCREW BE RING BRG SET-SCREW LOCK"
"16309","UC307-20","AMI UC307-20 1-1/4 HEAVY DUTY WIDE SET SCREW BEA RING BRG SET-SCREW LOCK"
"16308","UC307","AMI UC307 35MM HEAVY DUTY WIDE SET SCREW BEAR RING BRG SET-SCREW LOCK"
"16288","SER209FS","AMI SER209FS 45MM NORMAL WIDE CYL O.D. SET SCREW SET SCREWS AT 120 DEGREES"
"16282","UKX08+HS2308","AMI UKX08+HS2308 1-3/8 MEDIUM DUTY WIDE ADAPTER SLEE DUTY ADAPTER LOCKING"
"16281","UKX08+HE2308","AMI UKX08+HE2308 1-1/4 MEDIUM DUTY WIDE ADAPTER SLEE DUTY ADAPTER LOCKING"
"16280","UKX08+HA2308","AMI UKX08+HA2308 1-5/16 MEDIUM DUTY WIDE ADAPTER SLE DUTY ADAPTER LOCKING"
"16279","UKX08+H2308","AMI UKX08+H2308 35MM MEDIUM DUTY WIDE ADAPTER SLEEV ADAPTER LOCKING"
"16205","UC211-35","AMI UC211-35 2-3/16 NORMAL DUTY WIDE SET SCREW B RINGBEARING SET-SCREW LOCK"
"16204","UC211-34","AMI UC211-34 2-1/8 NORMAL DUTY WIDE SET SCREW BE SET-SCREW LOCK"
"16203","UC211-32","AMI UC211-32 2 NORMAL DUTY WIDE SET SCREW BEARIN SET-SCREW LOCK"
"16202","UC211","AMI UC211 55MM NORMAL DUTY WIDE SET SCREW BEA SET-SCREW LOCK"
"16191","UK307+HS2307","AMI UK307+HS2307 1-1/8 HEAVY DUTY WIDE ADAPTER SLEEV"
"16190","UK307+H2307","AMI UK307+H2307 30MM HEAVY DUTY WIDE ADAPTER SLEEVE ADAPTER LOCKING"
"16189","MU004","AMI MU004 20MM STAINLESS LIGHT EXTRA NARROW E COLL X/NARR SILVER SERIES"
"16184","UCX09-28","AMI UCX09-28 1-3/4 MEDIUM DUTY WIDE SET SCREW BE"
"16183","UCX09-27","AMI UCX09-27 1-11/16 MEDIUM DUTY WIDE SET SCREW"
"16182","UCX09-26","AMI UCX09-26 1-5/8 MEDIUM DUTY WIDE SET SCREW BE"
"16181","UCX09","AMI UCX09 45MM MEDIUM DUTY WIDE SET SCREW BEA"
"16175","SUE206FS","AMI SUE206FS 30MM NORMAL WIDE CYL O.D. ACCU-LOC LOCKING"
"16039","UK208+HS2308","AMI UK208+HS2308 1-3/8 NORMAL DUTY WIDE ADAPTER SLEE LOCKINGBEARING (W/ADAPTER)"
"16038","UK208+HE2308","AMI UK208+HE2308 1-1/4 NORMAL DUTY WIDE ADAPTER SLEE LOCKINGBEARING (W/ADAPTER)"
"16037","UK208+HA2308","AMI UK208+HA2308 1-5/16 NORMAL DUTY WIDE ADAPTER SLE LOCKINGBEARING (W/ADAPTER)"
"16036","UK208+H2308","AMI UK208+H2308 35MM NORMAL DUTY WIDE ADAPTER SLEEV"
"16035","SER210","AMI SER210 50MM NORMAL WIDE CYL O.D. SET SCREW"
"15908","KHR211-35","AMI KHR211-35 2-3/16 NORMAL NARROW CYL O.D. ECCEN WIDTHCYLINDRICAL O.D. BEARING"
"15906","KHR211-32","AMI KHR211-32 2 NORMAL NARROW CYL O.D. ECCENTRIC O.D. BEARING"
"15905","KH211-35","AMI KH211-35 2-3/16 NORMAL NARROW WIDTH ECCENTRI BEARINGECCENTRIC LOCKING COLLAR"
"15904","KH211-34","AMI KH211-34 2-1/8 NORMAL NARROW WIDTH ECCENTRIC BEARINGECCENTRIC LOCKING COLLAR"
"15903","KH211-32","AMI KH211-32 2 NORMAL NARROW WIDTH ECCENTRIC COL LOCKING COLLAR"
"15902","KH211","AMI KH211 55MM NORMAL NARROW WIDTH ECCENTRIC LOCKING COLLAR"
"15829","UKX09+HS2309","AMI UKX09+HS2309 1-5/8 MEDIUM DUTY WIDE ADAPTER SLEE DUTY ADAPTER LOCKING"
"15828","UKX09+HE2309","AMI UKX09+HE2309 1-1/2 MEDIUM DUTY WIDE ADAPTER SLEE"
"15827","UKX09+HA2309","AMI UKX09+HA2309 1-7/16 MEDIUM DUTY WIDE ADAPTER SLE DUTY"
"15826","UKX09+H2309","AMI UKX09+H2309 40MM MEDIUM DUTY WIDE ADAPTER SLEEV ADAPTER LOCKING"
"15651","SER210FS","AMI SER210FS 50MM NORMAL WIDE CYL O.D. SET SCREW SPINNING"
"15650","SER210-31FS","AMI SER210-31FS 1-15/16 NORMAL WIDE CYL O.D. SET SC STEEL CAGE"
"15641","SUE207","AMI SUE207 35MM NORMAL WIDE CYL O.D. ACCU-LOC"
"15640","UE207","AMI UE207 35MM NORMAL DUTY WIDE ACCU-LOC BEAR"
"15605","UC207C4HR5","AMI UC207C4HR5 35MM NORMAL HIGH TEMP (400 DEG) SET"
"15604","UC207-23C4HR5","AMI UC207-23C4HR5 1-7/16 NORMAL HIGH TEMP (400 DEG) S DEGREES)"
"15603","UC207-22C4HR5","AMI UC207-22C4HR5 1-3/8 NORMAL HIGH TEMP (400 DEG) SE"
"15602","UC207-21C4HR5","AMI UC207-21C4HR5 1-5/16 NORMAL HIGH TEMP (400 DEG) S DEGREES)"
"15601","UC207-20C4HR5","AMI UC207-20C4HR5 1-1/4 NORMAL HIGH TEMP (400 DEG) SE"
"15594","UK209+HS2309","AMI UK209+HS2309 1-5/8 NORMAL DUTY WIDE ADAPTER SLEE LOCKINGBEARING (W/ADAPTER)"
"15593","UK209+HE2309","AMI UK209+HE2309 1-1/2 NORMAL DUTY WIDE ADAPTER SLEE LOCKINGBEARING ( W/ADAPTER)"
"15592","UK209+HA2309","AMI UK209+HA2309 1-7/16 NORMAL DUTY WIDE ADAPTER SLE LOCKINGBEARING (W/ADAPTER)"
"15591","UK209+H2309","AMI UK209+H2309 40MM NORMAL DUTY WIDE ADAPTER SLEEV"
"15310","UE207-23","AMI UE207-23 1-7/16 NORMAL DUTY WIDE ACCU-LOC BE"
"15309","UE207-22","AMI UE207-22 1-3/8 NORMAL DUTY WIDE ACCU-LOC BEA"
"15308","UE207-20","AMI UE207-20 1-1/4 NORMAL DUTY WIDE ACCU-LOC BEA"
"15307","SUE207-23","AMI SUE207-23 1-7/16 NORMAL WIDE CYL O.D. ACCU-LO RING"
"15306","SUE207-22","AMI SUE207-22 1-3/8 NORMAL WIDE CYL O.D. ACCU-LOC RING"
"15305","SUE207-20","AMI SUE207-20 1-1/4 NORMAL WIDE CYL O.D. ACCU-LOC RING"
"15278","UC308-24","AMI UC308-24 1-1/2 HEAVY DUTY WIDE SET SCREW BEA RING BRG SET-SCREW LOCK"
"15277","UC308","AMI UC308 40MM HEAVY DUTY WIDE SET SCREW BEAR RING BRG SET-SCREW LOCK"
"15266","SUE208","AMI SUE208 40MM NORMAL WIDE CYL O.D. ACCU-LOC"
"15265","UE208","AMI UE208 40MM NORMAL DUTY WIDE ACCU-LOC BEAR"
"15261","UK308+HS2308","AMI UK308+HS2308 1-3/8 HEAVY DUTY WIDE ADAPTER SLEEV"
"15260","UK308+HE2308","AMI UK308+HE2308 1-1/4 HEAVY DUTY WIDE ADAPTER SLEEV DUTY ADAPTER LOCKING"
"15259","UK308+H2308","AMI UK308+H2308 35MM HEAVY DUTY WIDE ADAPTER SLEEVE"
"15258","SUE208-24","AMI SUE208-24 1-1/2 NORMAL WIDE CYL O.D. ACCU-LOC RING"
"15257","UE208-24","AMI UE208-24 1-1/2 NORMAL DUTY WIDE ACCU-LOC BEA"
"15254","UCX10-32","AMI UCX10-32 2 MEDIUM DUTY WIDE SET SCREW BEARIN"
"15253","UCX10-31","AMI UCX10-31 1-15/16 MEDIUM DUTY WIDE SET SCREW"
"15252","UCX10-30","AMI UCX10-30 1-7/8 MEDIUM DUTY WIDE SET SCREW BE SCREW LOCKING"
"15251","UCX10","AMI UCX10 50MM MEDIUM DUTY WIDE SET SCREW BEA"
"15246","MU005","AMI MU005 25MM STAINLESS LIGHT EXTRA NARROW E COLL X/NARR SILVER SERIES"
"15152","SUE207-23FS","AMI SUE207-23FS 1-7/16 NORMAL WIDE CYL O.D. ACCU-LO RING FREE SPINNING"
"15151","SUE207-22FS","AMI SUE207-22FS 1-3/8 NORMAL WIDE CYL O.D. ACCU-LOC RING FREE SPINNING"
"15150","SUE207-20FS","AMI SUE207-20FS 1-1/4 NORMAL WIDE CYL O.D. ACCU-LOC RING FREE SPINNING"
"15146","UG211-35","AMI UG211-35 2-3/16 NORMAL DUTY WIDE ECCENTRIC C ECCENTRICLOCKING COLLAR"
"15145","UG211-34","AMI UG211-34 2-1/8 NORMAL DUTY WIDE ECCENTRIC CO ECCENTRICLOCKING COLLAR"
"15144","UG211-32","AMI UG211-32 2 NORMAL DUTY WIDE ECCENTRIC COLLAR COLLAR"
"15143","UG211","AMI UG211 55MM NORMAL DUTY WIDE ECCENTRIC COL COLLAR"
"15119","MB2-10","AMI MB2-10 5/8 STAINLESS NORMAL NARROW SET SCR BEARING W/SET SCREW LOCK"
"15118","MB1-8","AMI MB1-8 1/2 STAINLESS NORMAL NARROW SET SCR BEARING W/SET SCREW LOCK"
"15047","SER211-35","AMI SER211-35 2-3/16 NORMAL WIDE CYL O.D. SET SCR"
"15046","SER211-34","AMI SER211-34 2-1/8 NORMAL WIDE CYL O.D. SET SCRE"
"15045","SER211-32","AMI SER211-32 2 NORMAL WIDE CYL O.D. SET SCREW SN"
"15022","SUE208-24FS","AMI SUE208-24FS 1-1/2 NORMAL WIDE CYL O.D. ACCU-LOC RING FREE SPINNING"
"14712","MB4","AMI MB4 20MM STAINLESS NORMAL NARROW SET SC BEARING W/SET SCREW LOCK"
"14711","MB4-12","AMI MB4-12 3/4 STAINLESS NORMAL NARROW SET SCR BEARING W/SET SCREW LOCK"
"14615","SER211-34FS","AMI SER211-34FS 2-1/8 NORMAL WIDE CYL O.D. SET SCRE SET SCREWS AT 120 DEGREES"
"14614","SER211-32FS","AMI SER211-32FS 2 NORMAL WIDE CYL O.D. SET SCREW FR SPINNING"
"14608","SUE207FS","AMI SUE207FS 35MM NORMAL WIDE CYL O.D. ACCU-LOC FREE SPINNING"
"14521","UKX10+HE2310","AMI UKX10+HE2310 1-3/4 MEDIUM DUTY WIDE ADAPTER SLEE DUTY ADAPTER LOCKING"
"14520","UKX10+HA2310","AMI UKX10+HA2310 1-11/16 MEDIUM DUTY WIDE ADAPTER SL DUTY ADAPTER LOCKING"
"14519","UKX10+H2310","AMI UKX10+H2310 45MM MEDIUM DUTY WIDE ADAPTER SLEEV WITHLOCKING ADAPTER"
"14504","UC212","AMI UC212 60MM NORMAL DUTY WIDE SET SCREW BEA SET-SCREW LOCK"
"14480","UC212-39","AMI UC212-39 2-7/16 NORMAL DUTY WIDE SET SCREW B RINGBEARING SET-SCREW LOCK"
"14479","UC212-38","AMI UC212-38 2-3/8 NORMAL DUTY WIDE SET SCREW BE SET-SCREW LOCK"
"14478","UC212-36","AMI UC212-36 2-1/4 NORMAL DUTY WIDE SET SCREW BE SET-SCREW LOCK"
"14405","UK210+HE2310","AMI UK210+HE2310 1-3/4 NORMAL DUTY WIDE ADAPTER SLEE LOCKINFBEARING (W/ADAPTER)"
"14404","UK210+HA2310","AMI UK210+HA2310 1-11/16 NORMAL DUTY WIDE ADAPTER SL LOCKIGBEARING (W/ADAPTER)"
"14403","UK210+H2310","AMI UK210+H2310 45MM NORMAL DUTY WIDE ADAPTER SLEEV"
"14383","MB5","AMI MB5 25MM STAINLESS NORMAL NARROW SET SC BEARING W/SET SCREW LOCK"
"14382","SUE208FS","AMI SUE208FS 40MM NORMAL WIDE CYL O.D. ACCU-LOC FREE SPINNING"
"14375","MB5-16","AMI MB5-16 1 STAINLESS NORMAL NARROW SET SCREW BEARING W/SET SCREW LOCK"
"14284","SER211","AMI SER211 55MM NORMAL WIDE CYL O.D. SET SCREW"
"14274","SUE209-28","AMI SUE209-28 1-3/4 NORMAL WIDE CYL O.D. ACCU-LOC RING"
"14273","SUE209-27","AMI SUE209-27 1-11/16 NORMAL WIDE CYL O.D. ACCU-L RING"
"14272","UE209-28","AMI UE209-28 1-3/4 NORMAL DUTY WIDE ACCU-LOC BEA"
"14271","UE209-27","AMI UE209-27 1-11/16 NORMAL DUTY WIDE ACCU-LOC B"
"14228","UC208C4HR5","AMI UC208C4HR5 40MM NORMAL HIGH TEMP (400 DEG) SET"
"14227","UC208-24C4HR5","AMI UC208-24C4HR5 1-1/2 NORMAL HIGH TEMP (400 DEG) SE"
"14175","SUE209","AMI SUE209 45MM NORMAL WIDE CYL O.D. ACCU-LOC"
"14174","UE209","AMI UE209 45MM NORMAL DUTY WIDE ACCU-LOC BEAR"
"14168","UC204C4HR23","AMI UC204C4HR23 20MM NORMAL HIGH TEMP (450 DEG) SET"
"14167","UC204-12C4HR23","AMI UC204-12C4HR23 3/4 NORMAL HIGH TEMP (450 DEG) SET"
"14166","UC203C4HR23","AMI UC203C4HR23 17MM NORMAL HIGH TEMP (450 DEG) SET"
"14164","UC202C4HR23","AMI UC202C4HR23 15MM NORMAL HIGH TEMP (450 DEG) SET"
"14162","UC202-10C4HR23","AMI UC202-10C4HR23 5/8 NORMAL HIGH TEMP (450 DEG) SET"
"14161","UC201C4HR23","AMI UC201C4HR23 12MM NORMAL HIGH TEMP (450 DEG) SET"
"14160","UC201-8C4HR23","AMI UC201-8C4HR23 1/2 NORMAL HIGH TEMP (450 DEG) SET"
"14072","SER211FS","AMI SER211FS 55MM NORMAL WIDE CYL O.D. SET SCREW SET SCREWS AT 120 DEGREES"
"13932","SUE209-28FS","AMI SUE209-28FS 1-3/4 NORMAL WIDE CYL O.D. ACCU-LOC RING FREE SPINNING"
"13931","SUE209-27FS","AMI SUE209-27FS 1-11/16 NORMAL WIDE CYL O.D. ACCU-L RING FREE SPINNING"
"13915","MUC204-12RF","AMI MUC204-12RF 3/4 STAINLESS NORMAL WIDE SET SCREW DUTY SET-SCREW LOCK"
"13914","MUC204-12","AMI MUC204-12 3/4 STAINLESS NORMAL WIDE SET SCREW DUTY SET-SCREW LOCK"
"13913","MUC204","AMI MUC204 20MM STAINLESS NORMAL WIDE SET SCRE DUTY SET-SCREW LOCK"
"13912","MUC203","AMI MUC203 17MM STAINLESS NORMAL WIDE SET SCRE DUTY SET-SCREW LOCK"
"13911","MUC202-10","AMI MUC202-10 5/8 STAINLESS NORMAL WIDE SET SCREW DUTY SET-SCREW LOCK"
"13910","MUC202","AMI MUC202 15MM STAINLESS NORMAL WIDE SET SCRE DUTY SET-SCREW LOCK"
"13909","MUC201-8","AMI MUC201-8 1/2 STAINLESS NORMAL WIDE SET SCREW DUTY SET-SCREW LOCK"
"13908","MUC201","AMI MUC201 12MM STAINLESS NORMAL WIDE SET SCRE DUTY SET-SCREW LOCK"
"13852","UG307-23","AMI UG307-23 1-7/16 HEAVY DUTY WIDE ECCENTRIC CO LOCKING COLLAR"
"13747","SER212-39","AMI SER212-39 2-7/16 NORMAL WIDE CYL O.D. SET SCR"
"13746","SER212-38","AMI SER212-38 2-3/8 NORMAL WIDE CYL O.D. SET SCRE"
"13745","SER212-36","AMI SER212-36 2-1/4 NORMAL WIDE CYL O.D. SET SCRE"
"13743","SUE210-31","AMI SUE210-31 1-15/16 NORMAL WIDE CYL O.D. ACCU-L RING"
"13742","UE210-32","AMI UE210-32 2 NORMAL DUTY WIDE ACCU-LOC BEARING"
"13741","UE210-31","AMI UE210-31 1-15/16 NORMAL DUTY WIDE ACCU-LOC B"
"13734","SUE210","AMI SUE210 50MM NORMAL WIDE CYL O.D. ACCU-LOC"
"13733","UE210","AMI UE210 50MM NORMAL DUTY WIDE ACCU-LOC BEAR"
"13726","UK309+HS2309","AMI UK309+HS2309 1-5/8 HEAVY DUTY WIDE ADAPTER SLEEV SLEEVE"
"13725","UK309+HE2309","AMI UK309+HE2309 1-1/2 HEAVY DUTY WIDE ADAPTER SLEEV DUTY"
"13724","UK309+H2309","AMI UK309+H2309 40MM HEAVY DUTY WIDE ADAPTER SLEEVE"
"13720","MBR5-16","AMI MBR5-16 1 STAINLESS NORMAL NARROW CYL O.D. STRAIGHT O.D. BEARING"
"13615","UC309-28","AMI UC309-28 1-3/4 HEAVY DUTY WIDE SET SCREW BEA RING BRG SET-SCREW LOCK"
"13614","UC309-27","AMI UC309-27 1-11/16 HEAVY DUTY WIDE SET SCREW B RING BRG SET-SCREW LOCK"
"13613","UC309","AMI UC309 45MM HEAVY DUTY WIDE SET SCREW BEAR RING BRG SET-SCREW LOCK"
"13573","UG212-39","AMI UG212-39 2-7/16 NORMAL DUTY WIDE ECCENTRIC C ECCENTRICLOCKING COLLAR"
"13572","UG212-38","AMI UG212-38 2-3/8 NORMAL DUTY WIDE ECCENTRIC CO ECCENTRICLOCKING COLLAR"
"13571","UG212-36","AMI UG212-36 2-1/4 NORMAL DUTY WIDE ECCENTRIC CO ECCENTRICLOCKING COLLAR"
"13570","UG212","AMI UG212 60MM NORMAL DUTY WIDE ECCENTRIC COL COLLAR"
"13141","UC209C4HR5","AMI UC209C4HR5 45MM NORMAL HIGH TEMP (400 DEG) SET"
"13140","UC209-28C4HR5","AMI UC209-28C4HR5 1-3/4 NORMAL HIGH TEMP (400 DEG) SE"
"13139","UC209-27C4HR5","AMI UC209-27C4HR5 1-11/16 NORMAL HIGH TEMP (400 DEG) DEGREES)"
"13138","UC209-26C4HR5","AMI UC209-26C4HR5 1-5/8 NORMAL HIGH TEMP (400 DEG) SE"
"13124","MU006","AMI MU006 30MM STAINLESS LIGHT EXTRA NARROW E COLL X/NARR SILVER SERIES"
"13084","SUE210-31FS","AMI SUE210-31FS 1-15/16 NORMAL WIDE CYL O.D. ACCU-L RING FREE SPINNING"
"12679","MUC205-16RF","AMI MUC205-16RF 1 STAINLESS NORMAL WIDE SET SCREW R DUTY SET-SCREW LOCK"
"12678","MUC205-16","AMI MUC205-16 1 STAINLESS NORMAL WIDE SET SCREW B DUTY SET-SCREW LOCK"
"12677","MUC205-14","AMI MUC205-14 7/8 STAINLESS NORMAL WIDE SET SCREW DUTY SET-SCREW LOCK"
"12676","MUC205","AMI MUC205 25MM STAINLESS NORMAL WIDE SET SCRE DUTY SET-SCREW LOCK"
"12639","SER212","AMI SER212 60MM NORMAL WIDE CYL O.D. SET SCREW"
"12592","UC205C4HR23","AMI UC205C4HR23 25MM NORMAL HIGH TEMP (450 DEG) SET"
"12591","UC205-16C4HR23","AMI UC205-16C4HR23 1 NORMAL HIGH TEMP (450 DEG) SET SC"
"12590","UC205-15C4HR23","AMI UC205-15C4HR23 15/16 NORMAL HIGH TEMP (450 DEG) SE"
"12589","UC205-14C4HR23","AMI UC205-14C4HR23 7/8 NORMAL HIGH TEMP (450 DEG) SET"
"12582","UC213-40","AMI UC213-40 2-1/2 NORMAL DUTY WIDE SET SCREW BE SET-SCREW LOCK"
"12581","UC213","AMI UC213 65MM NORMAL DUTY WIDE SET SCREW BEA SET-SCREW LOCK"
"12562","UCX11-36","AMI UCX11-36 2-1/4 MEDIUM DUTY WIDE SET SCREW BE"
"12561","UCX11-35","AMI UCX11-35 2-3/16 MEDIUM DUTY WIDE SET SCREW B"
"12559","UCX11","AMI UCX11 55MM MEDIUM DUTY WIDE SET SCREW BEA"
"12534","UK211+HS2311","AMI UK211+HS2311 1-7/8 NORMAL DUTY WIDE ADAPTER SLEE LOCKINGBEARING (W/ADAPTER)"
"12533","UK211+HE2311","AMI UK211+HE2311 2 NORMAL DUTY WIDE ADAPTER SLEEVE B (W/ADAPTER)"
"12532","UK211+HA2311","AMI UK211+HA2311 1-15/16 NORMAL DUTY WIDE ADAPTER SL ( W/ADAPTER)"
"12531","UK211+H2311","AMI UK211+H2311 50MM NORMAL DUTY WIDE ADAPTER SLEEV (W/ADAPTER)"
"12456","SER212FS","AMI SER212FS 60MM NORMAL WIDE CYL O.D. SET SCREW"
"12439","UKX11+HS2311","AMI UKX11+HS2311 1-7/8 MEDIUM DUTY WIDE ADAPTER SLEE DUTY ADAPTER LOCKING"
"12438","UKX11+HE2311","AMI UKX11+HE2311 2 MEDIUM DUTY WIDE ADAPTER SLEEVE B ADAPTER LOCKING"
"12437","UKX11+HA2311","AMI UKX11+HA2311 1-15/16 MEDIUM DUTY WIDE ADAPTER SL DUTY ADAPTER LOCKING"
"12436","UKX11+H2311","AMI UKX11+H2311 50MM MEDIUM DUTY WIDE ADAPTER SLEEV"
"12087","UC210C4HR5","AMI UC210C4HR5 50MM NORMAL HIGH TEMP (400 DEG) SET"
"12086","UC210-32C4HR5","AMI UC210-32C4HR5 2 NORMAL HIGH TEMP (400 DEG) SET SC"
"12085","UC210-31C4HR5","AMI UC210-31C4HR5 1-15/16 NORMAL HIGH TEMP (400 DEG) DEGREES)"
"12084","UC210-30C4HR5","AMI UC210-30C4HR5 1-7/8 NORMAL HIGH TEMP (400 DEG) SE"
"11998","UE211-35","AMI UE211-35 2-3/16 NORMAL DUTY WIDE ACCU-LOC BE"
"11997","UE211-32","AMI UE211-32 2 NORMAL DUTY WIDE ACCU-LOC BEARING"
"11996","SUE211-35","AMI SUE211-35 2-3/16 NORMAL WIDE CYL O.D. ACCU-LO RING"
"11995","SUE211-32","AMI SUE211-32 2 NORMAL WIDE CYL O.D. ACCU-LOC SNA"
"11846","SUE211-35FS","AMI SUE211-35FS 2-3/16 NORMAL WIDE CYL O.D. ACCU-LO RING FREE SPINNING"
"11845","SUE211-32FS","AMI SUE211-32FS 2 NORMAL WIDE CYL O.D. ACCU-LOC FRE FREE SPINNING"
"11464","UG308-24","AMI UG308-24 1-1/2 HEAVY DUTY WIDE ECCENTRIC COL LOCKING COLLAR"
"11402","UK310+HE2310","AMI UK310+HE2310 1-3/4 HEAVY DUTY WIDE ADAPTER SLEEV"
"11401","UK310+H2310","AMI UK310+H2310 45MM HEAVY DUTY WIDE ADAPTER SLEEVE"
"11348","MUC205-15","AMI MUC205-15 15/16 STAINLESS NORMAL WIDE SET SCR DUTY SET-SCREW LOCK"
"11331","UC310-31","AMI UC310-31 1-15/16 HEAVY DUTY WIDE SET SCREW B RING BRG SET-SCREW LOCK"
"11330","UC310-30","AMI UC310-30 1-7/8 HEAVY DUTY WIDE SET SCREW BEA RING BRG SET-SCREW LOCK"
"11329","UC310","AMI UC310 50MM HEAVY DUTY WIDE SET SCREW BEAR RING BRG SET-SCREW LOCK"
"11256","UE211","AMI UE211 55MM NORMAL DUTY WIDE ACCU-LOC BEAR"
"11255","SUE211","AMI SUE211 55MM NORMAL WIDE CYL O.D. ACCU-LOC"
"11223","UC206C4HR23","AMI UC206C4HR23 30MM NORMAL HIGH TEMP (450 DEG) SET"
"11222","UC206-20C4HR23","AMI UC206-20C4HR23 1-1/4 NORMAL HIGH TEMP (450 DEG) SE"
"11221","UC206-19C4HR23","AMI UC206-19C4HR23 1-3/16 NORMAL HIGH TEMP (450 DEG) S DEGREES)"
"11220","UC206-18C4HR23","AMI UC206-18C4HR23 1-1/8 NORMAL HIGH TEMP (450 DEG) SE"
"11218","UCX12-39","AMI UCX12-39 2-7/16 MEDIUM DUTY WIDE SET SCREW B"
"11217","UCX12-38","AMI UCX12-38 2-3/8 MEDIUM DUTY WIDE SET SCREW BE"
"11216","UCX12","AMI UCX12 60MM MEDIUM DUTY WIDE SET SCREW BEA"
"10501","SUE211FS","AMI SUE211FS 55MM NORMAL WIDE CYL O.D. ACCU-LOC"
"10500","SUE210FS","AMI SUE210FS 50MM NORMAL WIDE CYL O.D. ACCU-LOC FREE SPINNING"
"10499","UK212+HS2312","AMI UK212+HS2312 2-1/8 NORMAL DUTY WIDE ADAPTER SLEE LOCKINGBEARING (W/ADAPTER)"
"10498","UK212+HA2312","AMI UK212+HA2312 2-1/16 NORMAL DUTY WIDE ADAPTER SLE LOCKINGBEARING ( W/ADAPTER)"
"10497","UK212+H2312","AMI UK212+H2312 55MM NORMAL DUTY WIDE ADAPTER SLEEV (W/ADAPTER)"
"10260","UKX12+HS2312","AMI UKX12+HS2312 2-1/8 MEDIUM DUTY WIDE ADAPTER SLEE"
"10259","UKX12+HA2312","AMI UKX12+HA2312 2-1/16 MEDIUM DUTY WIDE ADAPTER SLE DUTY ADAPTER LOCKING"
"10258","UKX12+H2312","AMI UKX12+H2312 55MM MEDIUM DUTY WIDE ADAPTER SLEEV UNITWITHOUT HOUSING"
"10159","MB6-20","AMI MB6-20 1-1/4 STAINLESS NORMAL NARROW SET S BEARING W/SET SCREW LOCK"
"10158","MB6","AMI MB6 30MM STAINLESS NORMAL NARROW SET SC BEARING W/SET SCREW LOCK"
"9982","SUE212-39","AMI SUE212-39 2-7/16 NORMAL WIDE CYL O.D. ACCU-LO RING"
"9981","UE212-39","AMI UE212-39 2-7/16 NORMAL DUTY WIDE ACCU-LOC BE"
"9960","MUC206-20RF","AMI MUC206-20RF 1-1/4 STAINLESS NORMAL WIDE SET SCR DUTY SET-SCREW LOCK"
"9959","MUC206-20","AMI MUC206-20 1-1/4 STAINLESS NORMAL WIDE SET SCR DUTY SET-SCREW LOCK"
"9958","MUC206-19","AMI MUC206-19 1-3/16 STAINLESS NORMAL WIDE SET SC DUTY SET-SCREW LOCK"
"9957","MUC206-18","AMI MUC206-18 1-1/8 STAINLESS NORMAL WIDE SET SCR DUTY SET-SCREW LOCK"
"9955","MUC206","AMI MUC206 30MM STAINLESS NORMAL WIDE SET SCRE DUTY SET-SCREW LOCK"
"9629","UE212","AMI UE212 60MM NORMAL DUTY WIDE ACCU-LOC BEAR"
"9628","SUE212","AMI SUE212 60MM NORMAL WIDE CYL O.D. ACCU-LOC"
"9627","MSER205-16","AMI MSER205-16 1 STAINLESS NML CYL O.D. SET SCREW RING/NORMAL/S-S LOCK"
"9626","MSER204-12","AMI MSER204-12 3/4 STAINLESS NML CYL O.D. SET SCRE RING/NORMAL/S-S LOCK"
"9625","MSER202-10","AMI MSER202-10 5/8 STAINLESS NML CYL O.D. SET SCRE RING/NORMAL/S-S LOCK"
"9573","SUE212-39FS","AMI SUE212-39FS 2-7/16 NORMAL WIDE CYL O.D. ACCU-LO RING FREE SPINNING"
"9538","UC214-44","AMI UC214-44 2-3/4 NORMAL DUTY WIDE SET SCREW BE SET-SCREW LOCK"
"9537","UC214-43","AMI UC214-43 2-11/16 NORMAL DUTY WIDE SET SCREW RINGBEARING SET-SCREW LOCK"
"9536","UC214","AMI UC214 70MM NORMAL DUTY WIDE SET SCREW BEA SET-SCREW LOCK"
"9513","SUE212FS","AMI SUE212FS 60MM NORMAL WIDE CYL O.D. ACCU-LOC FREE SPINNING"
"9366","UG309-27","AMI UG309-27 1-11/16 HEAVY DUTY WIDE ECCENTRIC C BEARINGECCENTRIC LOCKING COLLAR"
"9365","UG309","AMI UG309 45MM HEAVY DUTY WIDE ECCENTRIC COLL WITHECCENTRIC LOCKING COLLAR"
"8621","UC211C4HR5","AMI UC211C4HR5 55MM NORMAL HIGH TEMP (400 DEG) SET"
"8620","UC211-35C4HR5","AMI UC211-35C4HR5 2-3/16 NORMAL HIGH TEMP (400 DEG) S DEGREES)"
"8619","UC211-34C4HR5","AMI UC211-34C4HR5 2-1/8 NORMAL HIGH TEMP (400 DEG) SE"
"8618","UC211-32C4HR5","AMI UC211-32C4HR5 2 NORMAL HIGH TEMP (400 DEG) SET SC"
"8219","UCX13-40","AMI UCX13-40 2-1/2 MEDIUM DUTY WIDE SET SCREW BE"
"8218","UCX13","AMI UCX13 65MM MEDIUM DUTY WIDE SET SCREW BEA"
"8211","UK311+HS2311","AMI UK311+HS2311 1-7/8 HEAVY DUTY WIDE ADAPTER SLEEV"
"8210","UK311+HE2311","AMI UK311+HE2311 2 HEAVY DUTY WIDE ADAPTER SLEEVE BE HEAVY DUTY"
"8209","UK311+H2311","AMI UK311+H2311 50MM HEAVY DUTY WIDE ADAPTER SLEEVE LOCKING (W/ADAPTR"
"8201","UC207C4HR23","AMI UC207C4HR23 35MM NORMAL HIGH TEMP (450 DEG) SET"
"8200","UC207-23C4HR23","AMI UC207-23C4HR23 1-7/16 NORMAL HIGH TEMP (450 DEG) S DEGREES)"
"8199","UC207-22C4HR23","AMI UC207-22C4HR23 1-3/8 NORMAL HIGH TEMP (450 DEG) SE"
"8198","UC207-21C4HR23","AMI UC207-21C4HR23 1-5/16 NORMAL HIGH TEMP (450 DEG) S DEGREES)"
"8197","UC207-20C4HR23","AMI UC207-20C4HR23 1-1/4 NORMAL HIGH TEMP (450 DEG) SE"
"8189","UC311-35","AMI UC311-35 2-3/16 HEAVY DUTY WIDE SET SCREW BE RING BRG SET-SCREW LOCK"
"8188","UC311-32","AMI UC311-32 2 HEAVY DUTY WIDE SET SCREW BEARING BRG SET-SCREW LOCK"
"8187","UC311","AMI UC311 55MM HEAVY DUTY WIDE SET SCREW BEAR RING BRG SET-SCREW LOCK"
"7877","UK213+HS2313","AMI UK213+HS2313 2-3/8 NORMAL DUTY WIDE ADAPTER SLEE LOCKINGBEARING (W/ADAPTER)"
"7876","UK213+HE2313","AMI UK213+HE2313 2-1/4 NORMAL DUTY WIDE ADAPTER SLEE LOCKINGBEARING (W/ADAPTER)"
"7875","UK213+HA2313","AMI UK213+HA2313 2-3/16 NORMAL DUTY WIDE ADAPTER SLE LOCKINGBEARING (W/ADAPTER)"
"7874","UK213+H2313","AMI UK213+H2313 60MM NORMAL DUTY WIDE ADAPTER SLEEV (W/ADAPTER)"
"7634","UCX14-44","AMI UCX14-44 2-3/4 MEDIUM DUTY WIDE SET SCREW BE"
"7633","UCX14-43","AMI UCX14-43 2-11/16 MEDIUM DUTY WIDE SET SCREW"
"7632","UCX14","AMI UCX14 70MM MEDIUM DUTY WIDE SET SCREW BEA"
"7631","UC215-48","AMI UC215-48 3 NORMAL DUTY WIDE SET SCREW BEARIN SET-SCREW LOCK"
"7630","UC215-47","AMI UC215-47 2-15/16 NORMAL DUTY WIDE SET SCREW RINGBEARING SET-SCREW LOCK"
"7629","UC215","AMI UC215 75MM NORMAL DUTY WIDE SET SCREW BEA SET-SCREW LOCK"
"7603","MSER206-19","AMI MSER206-19 1-3/16 STAINLESS NML CYL O.D. SET S RING/NORMAL/S-S LOCK"
"7543","UKX13+HS2313","AMI UKX13+HS2313 2-3/8 MEDIUM DUTY WIDE ADAPTER SLEE DUTY ADAPTER LOCKING"
"7542","UKX13+HE2313","AMI UKX13+HE2313 2-1/4 MEDIUM DUTY WIDE ADAPTER SLEE DUTY ADAPTER LOCKING"
"7541","UKX13+HA2313","AMI UKX13+HA2313 2-3/16 MEDIUM DUTY WIDE ADAPTER SLE DUTY ADAPTER LOCKING"
"7540","UKX13+H2313","AMI UKX13+H2313 60MM MEDIUM DUTY WIDE ADAPTER SLEEV"
"7503","UE205-16MZ20","AMI UE205-16MZ20 1 KANIGEN NORMAL WIDE ACCU-LOC BEAR BRG.-STAINLESS COLLAR"
"6695","UG310-31","AMI UG310-31 1-15/16 HEAVY DUTY WIDE ECCENTRIC C BEARINGECCENTRIC LOCKING COLLAR"
"6694","UG310","AMI UG310 50MM HEAVY DUTY WIDE ECCENTRIC COLL LOCKING COLLAR"
"6560","MB7","AMI MB7 35MM STAINLESS NORMAL NARROW SET SC BEARING W/SET SCREW LOCK"
"6559","UC208C4HR23","AMI UC208C4HR23 40MM NORMAL HIGH TEMP (450 DEG) SET"
"6558","UC208-24C4HR23","AMI UC208-24C4HR23 1-1/2 NORMAL HIGH TEMP (450 DEG) SE"
"6290","UK312+HS2312","AMI UK312+HS2312 2-1/8 HEAVY DUTY WIDE ADAPTER SLEEV DUTY ADAPTER LOCKING"
"6289","UK312+H2312","AMI UK312+H2312 55MM HEAVY DUTY WIDE ADAPTER SLEEVE ADAPTER"
"6227","UC212C4HR5","AMI UC212C4HR5 60MM NORMAL HIGH TEMP (400 DEG) SET"
"6226","UC212-39C4HR5","AMI UC212-39C4HR5 2-7/16 NORMAL HIGH TEMP (400 DEG) S DEGREES)"
"6225","UC212-38C4HR5","AMI UC212-38C4HR5 2-3/8 NORMAL HIGH TEMP (400 DEG) SE"
"6224","UC212-36C4HR5","AMI UC212-36C4HR5 2-1/4 NORMAL HIGH TEMP (400 DEG) SE"
"6187","MUC207-23","AMI MUC207-23 1-7/16 STAINLESS NORMAL WIDE SET SC DUTY SET-SCREW LOCK"
"6186","MUC207-22","AMI MUC207-22 1-3/8 STAINLESS NORMAL WIDE SET SCR DUTY SET-SCREW LOCK"
"6185","MUC207-20RF","AMI MUC207-20RF 1-1/4 STAINLESS NORMAL WIDE SET SCR DUTY SET-SCREW LOCK"
"6184","MUC207-20","AMI MUC207-20 1-1/4 STAINLESS NORMAL WIDE SET SCR DUTY SET-SCREW LOCK"
"6183","MUC207","AMI MUC207 35MM STAINLESS NORMAL WIDE SET SCRE DUTY SET-SCREW LOCK"
"6171","UC312-39","AMI UC312-39 2-7/16 HEAVY DUTY WIDE SET SCREW BE RING BRG SET-SCREW LOCK"
"6170","UC312","AMI UC312 60MM HEAVY DUTY WIDE SET SCREW BEAR RING BRG SET-SCREW LOCK"
"6047","MUC207-21","AMI MUC207-21 1-5/16 STAINLESS NORMAL WIDE SET SC DUTY SET-SCREW LOCK"
"5778","MUC208-24RF","AMI MUC208-24RF 1-1/2 STAINLESS NORMAL WIDE SET SCR DUTY SET-SCREW LOCK"
"5777","MUC208-24","AMI MUC208-24 1-1/2 STAINLESS NORMAL WIDE SET SCR DUTY SET-SCREW LOCK"
"5776","MUC208","AMI MUC208 40MM STAINLESS NORMAL WIDE SET SCRE DUTY SET-SCREW LOCK"
"5469","UC209C4HR23","AMI UC209C4HR23 45MM NORMAL HIGH TEMP (450 DEG) SET"
"5468","UC209-28C4HR23","AMI UC209-28C4HR23 1-3/4 NORMAL HIGH TEMP (450 DEG) SE"
"5467","UC209-27C4HR23","AMI UC209-27C4HR23 1-11/16 NORMAL HIGH TEMP (450 DEG) DEGREES)"
"5466","UC209-26C4HR23","AMI UC209-26C4HR23 1-5/8 NORMAL HIGH TEMP (450 DEG) SE"
"5454","UCX15-48","AMI UCX15-48 3 MEDIUM DUTY WIDE SET SCREW BEARIN"
"5453","UCX15-47","AMI UCX15-47 2-15/16 MEDIUM DUTY WIDE SET SCREW"
"5452","UCX15","AMI UCX15 75MM MEDIUM DUTY WIDE SET SCREW BEA"
"5413","MUC207-23RF","AMI MUC207-23RF 1-7/16 STAINLESS NORMAL WIDE SET SC SEAL NORMAL DTY SET SCREW"
"5004","UC213C4HR5","AMI UC213C4HR5 65MM NORMAL HIGH TEMP (400 DEG) SET"
"5003","UC213-40C4HR5","AMI UC213-40C4HR5 2-1/2 NORMAL HIGH TEMP (400 DEG) SE"
"4998","MSER207-23","AMI MSER207-23 1-7/16 STAINLESS NML CYL O.D. SET S RING/NORMAL/S-S LOCK"
"4997","MSER207-20","AMI MSER207-20 1-1/4 STAINLESS NML CYL O.D. SET SC RING/MORMAL/S-S LOCK"
"4991","UKX15+HA2315","AMI UKX15+HA2315 2-7/16 MEDIUM DUTY WIDE ADAPTER SLE DUTY ADAPTER LOCKING"
"4990","UKX15+HE2315","AMI UKX15+HE2315 2-1/2 MEDIUM DUTY WIDE ADAPTER SLEE DUTY ADAPTER LOCKING"
"4989","UKX15+H2315","AMI UKX15+H2315 65MM MEDIUM DUTY WIDE ADAPTER SLEEV ADAPTER LOCKING"
"4976","UK313+H2313","AMI UK313+H2313 60MM HEAVY DUTY WIDE ADAPTER SLEEVE SLEEVEBEARING"
"4966","UK313+HS2313","AMI UK313+HS2313 2-3/8 HEAVY DUTY WIDE ADAPTER SLEEV DUTY ADAPTER LOCKING"
"4965","UK313+HE2313","AMI UK313+HE2313 2-1/4 HEAVY DUTY WIDE ADAPTER SLEEV DUTY ADAPTER LOCKING"
"4964","UC313-40","AMI UC313-40 2-1/2 HEAVY DUTY WIDE SET SCREW BEA RING BRG SET-SCREW LOCK"
"4963","UC313","AMI UC313 65MM HEAVY DUTY WIDE SET SCREW BEAR RING BRG SET-SCREW LOCK"
"4962","MUC209-28","AMI MUC209-28 1-3/4 STAINLESS NORMAL WIDE SET SCR DUTY SET-SCREW LOCK"
"4961","MUC209-27","AMI MUC209-27 1-11/16 STAINLESS NORMAL WIDE SET S DUTY SET-SCREW LOCK"
"4960","MUC209","AMI MUC209 45MM STAINLESS NORMAL WIDE SET SCRE DUTY SET-SCREW LOCK"
"4950","UC210C4HR23","AMI UC210C4HR23 50MM NORMAL HIGH TEMP (450 DEG) SET"
"4949","UC210-32C4HR23","AMI UC210-32C4HR23 2 NORMAL HIGH TEMP (450 DEG) SET SC"
"4948","UC210-31C4HR23","AMI UC210-31C4HR23 1-15/16 NORMAL HIGH TEMP (450 DEG) DEGREES)"
"4947","UC210-30C4HR23","AMI UC210-30C4HR23 1-7/8 NORMAL HIGH TEMP (450 DEG) SE"
"4916","UC216","AMI UC216 80MM NORMAL DUTY WIDE SET SCREW BEA SET-SCREW LOCK"
"4652","UG311-35","AMI UG311-35 2-3/16 HEAVY DUTY WIDE ECCENTRIC CO LOCKING COLLAR"
"4651","UG311","AMI UG311 55MM HEAVY DUTY WIDE ECCENTRIC COLL"
"4641","UK215+HA2315","AMI UK215+HA2315 2-7/16 NORMAL DUTY WIDE ADAPTER SLE"
"4640","UK215+HE2315","AMI UK215+HE2315 2-1/2 NORMAL DUTY WIDE ADAPTER SLEE LOCKINGBEARING (W/ADAPTER)"
"4639","UK215+H2315","AMI UK215+H2315 65MM NORMAL DUTY WIDE ADAPTER SLEEV (W/ADAPTER)"
"4389","MUC210-32","AMI MUC210-32 2 STAINLESS NORMAL WIDE SET SCREW B DUTY SET-SCREW LOCK"
"4388","MUC210-31","AMI MUC210-31 1-15/16 STAINLESS NORMAL WIDE SET S DUTY SET-SCREW LOCK"
"4387","MUC210-30","AMI MUC210-30 1-7/8 STAINLESS NORMAL WIDE SET SCR DUTY SET-SCREW LOCK"
"4386","MUC210","AMI MUC210 50MM STAINLESS NORMAL WIDE SET SCRE DUTY SET-SCREW LOCK"
"4380","UCX16-51","AMI UCX16-51 3-3/16 MEDIUM DUTY WIDE SET SCREW B"
"4379","UCX16","AMI UCX16 80MM MEDIUM DUTY WIDE SET SCREW BEA"
"4172","UC214-44C4HR5","AMI UC214-44C4HR5 2-3/4 NORMAL HIGH TEMP (400 DEG) SE"
"4171","UC214C4HR5","AMI UC214C4HR5 70MM NORMAL HIGH TEMP (400 DEG) SET"
"4170","UC214-43C4HR5","AMI UC214-43C4HR5 2-11/16 NORMAL HIGH TEMP (400 DEG) DEGREES)"
"4046","UE206-20MZ20","AMI UE206-20MZ20 1-1/4 KANIGEN NORMAL WIDE ACCU-LOC LOCKING"
"3869","UC217-55","AMI UC217-55 3-7/16 NORMAL DUTY WIDE SET SCREW B RINGBEARING SET-SCREW LOCK"
"3866","UC217-52","AMI UC217-52 3-1/4 NORMAL DUTY WIDE SET SCREW BE SET-SCREW LOCK"
"3865","UC217","AMI UC217 85MM NORMAL DUTY WIDE SET SCREW BEA SET-SCREW LOCK"
"3796","UKX16+HE2316","AMI UKX16+HE2316 2-3/4 MEDIUM DUTY WIDE ADAPTER SLEE DUTY ADAPTER LOCKING"
"3795","UKX16+H2316","AMI UKX16+H2316 70MM MEDIUM DUTY WIDE ADAPTER SLEEV ADAPTER LOCKING"
"3760","UK216+HE2316","AMI UK216+HE2316 2-3/4 NORMAL DUTY WIDE ADAPTER SLEE LOCKINGBEARING (W/ADAPTER)"
"3759","UK216+H2316","AMI UK216+H2316 70MM NORMAL DUTY WIDE ADAPTER SLEEV (W/ADAPTER)"
"3709","MSER208-24","AMI MSER208-24 1-1/2 STAINLESS NML CYL O.D. SET SC BEARINGW/SNAP RING/NORMAL/S-S LOCK"
"3308","UCX17-55","AMI UCX17-55 3-7/16 MEDIUM DUTY WIDE SET SCREW B"
"3307","UCX17-52","AMI UCX17-52 3-1/4 MEDIUM DUTY WIDE SET SCREW BE"
"3306","UCX17","AMI UCX17 85MM MEDIUM DUTY WIDE SET SCREW BEA"
"3264","UC211C4HR23","AMI UC211C4HR23 55MM NORMAL HIGH TEMP (450 DEG) SET"
"3263","UC211-35C4HR23","AMI UC211-35C4HR23 2-3/16 NORMAL HIGH TEMP (450 DEG) S DEGREES)"
"3262","UC211-34C4HR23","AMI UC211-34C4HR23 2-1/8 NORMAL HIGH TEMP (450 DEG) SE"
"3261","UC211-32C4HR23","AMI UC211-32C4HR23 2 NORMAL HIGH TEMP (450 DEG) SET SC"
"3255","UC215C4HR5","AMI UC215C4HR5 75MM NORMAL HIGH TEMP (400 DEG) SET"
"3254","UC215-48C4HR5","AMI UC215-48C4HR5 3 NORMAL HIGH TEMP (400 DEG) SET SC"
"3253","UC215-47C4HR5","AMI UC215-47C4HR5 2-15/16 NORMAL HIGH TEMP (400 DEG) DEGREES)"
"3212","UG312-39","AMI UG312-39 2-7/16 HEAVY DUTY WIDE ECCENTRIC CO LOCKING COLLAR"
"3211","UG312","AMI UG312 60MM HEAVY DUTY WIDE ECCENTRIC COLL"
"3072","UK315+HA2315","AMI UK315+HA2315 2-7/16 HEAVY DUTY WIDE ADAPTER SLEE BEARING"
"3071","UK315+HE2315","AMI UK315+HE2315 2-1/2 HEAVY DUTY WIDE ADAPTER SLEEV DUTY ADAPTER LOCKING"
"3070","UK315+H2315","AMI UK315+H2315 65MM HEAVY DUTY WIDE ADAPTER SLEEVE"
"3066","UC314-44","AMI UC314-44 2-3/4 HEAVY DUTY WIDE SET SCREW BEA RING BRG SET-SCREW LOCK"
"3065","UC314","AMI UC314 70MM HEAVY DUTY WIDE SET SCREW BEAR RING BRG SET-SCREW LOCK"
"3054","UKX17+HA2317","AMI UKX17+HA2317 2-15/16 MEDIUM DUTY WIDE ADAPTER SL"
"3053","UKX17+HE2317","AMI UKX17+HE2317 3 MEDIUM DUTY WIDE ADAPTER SLEEVE B ADAPTER LOCKING"
"3052","UKX17+H2317","AMI UKX17+H2317 75MM MEDIUM DUTY WIDE ADAPTER SLEEV ADAPTER LOCKING"
"2918","UC218-56","AMI UC218-56 3-1/2 NORMAL DUTY WIDE SET SCREW BE SET-SCREW LOCK"
"2917","UC218","AMI UC218 90MM NORMAL DUTY WIDE SET SCREW BEA SET-SCREW LOCK"
"2884","UK217+HA2317","AMI UK217+HA2317 2-15/16 NORMAL DUTY WIDE ADAPTER SL"
"2883","UK217+HE2317","AMI UK217+HE2317 3 NORMAL DUTY WIDE ADAPTER SLEEVE B (W/ADAPTER)"
"2882","UK217+H2317","AMI UK217+H2317 75MM NORMAL DUTY WIDE ADAPTER SLEEV (W/ADAPTER)"
"2642","UC216C4HR5","AMI UC216C4HR5 80MM NORMAL HIGH TEMP (400 DEG) SET"
"2390","UK316+HE2316","AMI UK316+HE2316 2-3/4 HEAVY DUTY WIDE ADAPTER SLEEV DUTY ADAPTER LOCKING"
"2389","UK316+H2316","AMI UK316+H2316 70MM HEAVY DUTY WIDE ADAPTER SLEEVE ADAPTER LOCKING"
"2388","UC212C4HR23","AMI UC212C4HR23 60MM NORMAL HIGH TEMP (450 DEG) SET"
"2387","UC212-39C4HR23","AMI UC212-39C4HR23 2-7/16 NORMAL HIGH TEMP (450 DEG) S DEGREES)"
"2386","UC212-38C4HR23","AMI UC212-38C4HR23 2-3/8 NORMAL HIGH TEMP (450 DEG) SE 450 F"
"2385","UC212-36C4HR23","AMI UC212-36C4HR23 2-1/4 NORMAL HIGH TEMP (450 DEG) SE"
"2352","UC315-48","AMI UC315-48 3 HEAVY DUTY WIDE SET SCREW BEARING BRG SET-SCREW LOCK"
"2351","UC315-47","AMI UC315-47 2-15/16 HEAVY DUTY WIDE SET SCREW B RING BRG SET-SCREW LOCK"
"2350","UC315","AMI UC315 75MM HEAVY DUTY WIDE SET SCREW BEAR RING BRG SET-SCREW LOCK"
"2309","UCX18-56","AMI UCX18-56 3-1/2 MEDIUM DUTY WIDE SET SCREW BE"
"2308","UCX18","AMI UCX18 90MM MEDIUM DUTY WIDE SET SCREW BEA"
"2252","UK218+HS2318","AMI UK218+HS2318 3-1/8 NORMAL DUTY WIDE ADAPTER SLEE LOCKINGBEARING (W/ADAPTER)"
"2251","UK218+H2318","AMI UK218+H2318 80MM NORMAL DUTY WIDE ADAPTER SLEEV (W/ADAPTER)"
"2149","UC217C4HR5","AMI UC217C4HR5 85MM NORMAL HIGH TEMP (400 DEG) SET"
"2148","UC217-52C4HR5","AMI UC217-52C4HR5 3-1/4 NORMAL HIGH TEMP (400 DEG) SE"
"2099","UKX18+HS2318","AMI UKX18+HS2318 3-1/8 MEDIUM DUTY WIDE ADAPTER SLEE DUTY ADAPTER LOCKING"
"2098","UKX18+H2318","AMI UKX18+H2318 80MM MEDIUM DUTY WIDE ADAPTER SLEEV ADAPTER LOCKING"
"2074","UC213C4HR23","AMI UC213C4HR23 65MM NORMAL HIGH TEMP (450 DEG) SET"
"2073","UC213-40C4HR23","AMI UC213-40C4HR23 2-1/2 NORMAL HIGH TEMP (450 DEG) SE DEGREES)"
"2052","UK317+HA2317","AMI UK317+HA2317 2-15/16 HEAVY DUTY WIDE ADAPTER SLE DUTY ADAPTER LOCKING"
"2051","UK317+HE2317","AMI UK317+HE2317 3 HEAVY DUTY WIDE ADAPTER SLEEVE BE"
"2050","UK317+H2317","AMI UK317+H2317 75MM HEAVY DUTY WIDE ADAPTER SLEEVE"
"2036","UG315-48","AMI UG315-48 3 HEAVY DUTY WIDE ECCENTRIC COLLAR LOCKING COLLAR"
"2035","UG315-47","AMI UG315-47 2-15/16 HEAVY DUTY WIDE ECCENTRIC C BEARINGECCENTRIC LOCKING COLLAR"
"2034","UG315","AMI UG315 75MM HEAVY DUTY WIDE ECCENTRIC COLL"
"1968","UC316-51","AMI UC316-51 3-3/16 HEAVY DUTY WIDE SET SCREW BE RING BRG SET-SCREW LOCK"
"1967","UC316","AMI UC316 80MM HEAVY DUTY WIDE SET SCREW BEAR RING BRG SET-SCREW LOCK"
"1927","UC218C4HR5","AMI UC218C4HR5 90MM NORMAL HIGH TEMP (400 DEG) SET"
"1926","UC218-56C4HR5","AMI UC218-56C4HR5 3-1/2 NORMAL HIGH TEMP (400 DEG) SE"
"1913","UCX20-64","AMI UCX20-64 4 MEDIUM DUTY WIDE SET SCREW BEARIN"
"1912","UCX20-63","AMI UCX20-63 3-15/16 MEDIUM DUTY WIDE SET SCREW"
"1911","UCX20","AMI UCX20 100MM MEDIUM DUTY WIDE SET SCREW BE"
"1901","UK318+HS2318","AMI UK318+HS2318 3-1/8 HEAVY DUTY WIDE ADAPTER SLEEV DUTY ADAPTER LOCKING"
"1900","UK318+H2318","AMI UK318+H2318 80MM HEAVY DUTY WIDE ADAPTER SLEEVE ADAPTER LOCKING"
"1848","UCX13-40C4HR23","AMI UCX13-40C4HR23 2-1/2 MEDIUM HIGH TEMP (450 DEG) SE"
"1830","UKX20+HE2320","AMI UKX20+HE2320 3-1/2 MEDIUM DUTY WIDE ADAPTER SLEE DUTY ADAPTER LOCKING"
"1829","UKX20+HA2320","AMI UKX20+HA2320 3-7/16 MEDIUM DUTY WIDE ADAPTER SLE DUTY ADAPTER LOCKING"
"1828","UKX20+H2320","AMI UKX20+H2320 90MM MEDIUM DUTY WIDE ADAPTER SLEEV ADAPTER LOCKING"
"1827","UC214C4HR23","AMI UC214C4HR23 70MM NORMAL HIGH TEMP (450 DEG) SET"
"1826","UC214-44C4HR23","AMI UC214-44C4HR23 2-3/4 NORMAL HIGH TEMP (450 DEG) SE"
"1825","UC214-43C4HR23","AMI UC214-43C4HR23 2-11/16 NORMAL HIGH TEMP (450 DEG) DEGREES)"
"1809","UC317-52","AMI UC317-52 3-1/4 HEAVY DUTY WIDE SET SCREW BEA RING BRG SET-SCREW LOCK"
"1808","UC317","AMI UC317 85MM HEAVY DUTY WIDE SET SCREW BEAR RING BRG SET-SCREW LOCK"
"1725","UC318-56","AMI UC318-56 3-1/2 HEAVY DUTY WIDE SET SCREW BEA RING BRG SET-SCREW LOCK"
"1724","UC318","AMI UC318 90MM HEAVY DUTY WIDE SET SCREW BEAR RING BRG SET-SCREW LOCK"
"1723","UC215C4HR23","AMI UC215C4HR23 75MM NORMAL HIGH TEMP (450 DEG) SET"
"1722","UC215-48C4HR23","AMI UC215-48C4HR23 3 NORMAL HIGH TEMP (450 DEG) SET SC"
"1721","UC215-47C4HR23","AMI UC215-47C4HR23 2-15/16 NORMAL HIGH TEMP (450 DEG) DEGREES)"
"1677","UK319+HE2319","AMI UK319+HE2319 3-1/4 HEAVY DUTY WIDE ADAPTER SLEEV DUTY ADAPTER LOCKING"
"1676","UK319+H2319","AMI UK319+H2319 85MM HEAVY DUTY WIDE ADAPTER SLEEVE"
"1628","UC319-60","AMI UC319-60 3-3/4 HEAVY DUTY WIDE SET SCREW BEA RING BRG SET-SCREW LOCK"
"1627","UC319","AMI UC319 95MM HEAVY DUTY WIDE SET SCREW BEAR RING BRG SET-SCREW LOCK"
"1603","UC216C4HR23","AMI UC216C4HR23 80MM NORMAL HIGH TEMP (450 DEG) SET"
"1576","UK320+HE2320","AMI UK320+HE2320 3-1/2 HEAVY DUTY WIDE ADAPTER SLEEV DUTY ADAPTER LOCKING"
"1575","UK320+H2320","AMI UK320+H2320 90MM HEAVY DUTY WIDE ADAPTER SLEEVE"
"1498","UC320-64","AMI UC320-64 4 HEAVY DUTY WIDE SET SCREW BEARING BRG SET-SCREW LOCK"
"1497","UC320-63","AMI UC320-63 3-15/16 HEAVY DUTY WIDE SET SCREW B RING BRG SET-SCREW LOCK"
"1496","UC320","AMI UC320 100MM HEAVY DUTY WIDE SET SCREW BEA RING BRG SET-SCREW LOCK"
"1478","UC217C4HR23","AMI UC217C4HR23 85MM NORMAL HIGH TEMP (450 DEG) SET"
"1477","UC217-52C4HR23","AMI UC217-52C4HR23 3-1/4 NORMAL HIGH TEMP (450 DEG) SE"
"1394","UC321","AMI UC321 105MM HEAVY DUTY WIDE SET SCREW BEA RING BRG SET-SCREW LOCK"
"1393","UK322+HE2322","AMI UK322+HE2322 4 HEAVY DUTY WIDE ADAPTER SLEEVE BE"
"1392","UK322+H2322","AMI UK322+H2322 100MM HEAVY DUTY WIDE ADAPTER SLEEV ADAPTER LOCKING"
"1391","UC218C4HR23","AMI UC218C4HR23 90MM NORMAL HIGH TEMP (450 DEG) SET"
"1350","UC322-71","AMI UC322-71 4-7/16 HEAVY DUTY WIDE SET SCREW BE RING BRG SET-SCREW LOCK"
"1349","UC322","AMI UC322 110MM HEAVY DUTY WIDE SET SCREW BEA RING BRG SET-SCREW LOCK"
"1333","UG318","AMI UG318 90MM HEAVY DUTY WIDE ECCENTRIC COLL"
"1300","UK324+H2324","AMI UK324+H2324 110MM HEAVY DUTY WIDE ADAPTER SLEEV ADAPTER LOCKING+"
"1267","UC324","AMI UC324 120MM HEAVY DUTY WIDE SET SCREW BEA RING BRG SET-SCREW LOCK"
"1226","UK326+H2326","AMI UK326+H2326 115MM HEAVY DUTY WIDE ADAPTER SLEEV UNITWITHOUT HOUSING"
"1215","UC326","AMI UC326 130MM HEAVY DUTY WIDE SET SCREW BEA RING BRG SET-SCREW LOCK"
"1192","UK328+H2328","AMI UK328+H2328 125MM HEAVY DUTY WIDE ADAPTER SLEEV ADAPTER LOCKING"
"1182","UC328","AMI UC328 140MM HEAVY DUTY WIDE SET SCREW BEA RING BRG SET-SCREW LOCK"
